driver,race,PredictedGapToPole,ActualGapToPole,real_time_seconds,ActualPole,Error,PredTime,PredPosition,ActualPosition,PositionError
ALB,Australian Grand Prix,1.1701168078114836,0.6409999999999911,75.737,75.096,0.5291168078114925,76.26611680781149,9,6,3
ALO,Australian Grand Prix,1.5613490641875853,1.191999999999993,76.288,75.096,0.3693490641875923,76.65734906418758,11,12,1
ANT,Australian Grand Prix,1.6254427402448428,1.429000000000002,76.525,75.096,0.19644274024484076,76.72144274024484,13,16,3
BOR,Australian Grand Prix,1.9262267996447324,1.4200000000000017,76.516,75.096,0.5062267996447307,77.02222679964474,17,15,2
DOO,Australian Grand Prix,1.8861638843288446,1.218999999999994,76.315,75.096,0.6671638843288505,76.98216388432886,16,13,3
GAS,Australian Grand Prix,1.227986392330326,0.8840000000000003,75.98,75.096,0.3439863923303257,76.32398639233033,10,10,0
HAD,Australian Grand Prix,1.7175070447059542,1.0789999999999935,76.175,75.096,0.6385070447059606,76.81350704470596,15,11,4
HAM,Australian Grand Prix,0.964523739253853,0.8229999999999933,75.919,75.096,0.14152373925385975,76.06052373925385,8,8,0
HUL,Australian Grand Prix,1.58003143197543,1.4829999999999899,76.579,75.096,0.09703143197544017,76.67603143197543,12,17,5
LAW,Australian Grand Prix,1.94221068271673,1.9979999999999905,77.094,75.096,0.05578931728326042,77.03821068271674,18,18,0
LEC,Australian Grand Prix,0.5207522817976372,0.6589999999999918,75.755,75.096,0.1382477182023546,75.61675228179764,3,7,4
NOR,Australian Grand Prix,0.46755768590814656,0.0,75.096,75.096,0.46755768590814656,75.56355768590815,2,1,1
OCO,Australian Grand Prix,2.40594702830692,2.051000000000002,77.147,75.096,0.35494702830691827,77.50194702830693,19,19,0
PIA,Australian Grand Prix,0.5799082476466915,0.08400000000000318,75.18,75.096,0.4959082476466883,75.67590824764669,4,2,2
RUS,Australian Grand Prix,0.6583964021050642,0.45000000000000284,75.546,75.096,0.20839640210506138,75.75439640210507,6,4,2
SAI,Australian Grand Prix,0.6051655203565381,0.8349999999999937,75.931,75.096,0.2298344796434556,75.70116552035654,5,9,4
STR,Australian Grand Prix,1.702965639275301,1.2729999999999961,76.369,75.096,0.42996563927530485,76.79896563927531,14,14,0
TSU,Australian Grand Prix,0.9556502351338038,0.5739999999999981,75.67,75.096,0.3816502351338057,76.0516502351338,7,5,2
VER,Australian Grand Prix,0.34541014312015383,0.3849999999999909,75.481,75.096,0.03958985687983707,75.44141014312015,1,3,2
ALB,Chinese Grand Prix,1.4091694343585028,0.8619999999999948,91.503,90.641,0.5471694343585081,92.05016943435851,14,10,4
ALO,Chinese Grand Prix,0.866810993366089,1.046999999999997,91.688,90.641,0.18018900663390802,91.50781099336609,9,14,5
ANT,Chinese Grand Prix,0.4211869281167533,0.4619999999999891,91.103,90.641,0.040813071883235796,91.06218692811676,4,8,4
BEA,Chinese Grand Prix,1.6844120007829466,1.3769999999999953,92.018,90.641,0.3074120007829513,92.32541200078295,19,17,2
BOR,Chinese Grand Prix,1.5582194717243252,1.5,92.141,90.641,0.05821947172432518,92.19921947172433,18,19,1
DOO,Chinese Grand Prix,1.4092721646509658,1.4509999999999934,92.092,90.641,0.041727835349027576,92.05027216465098,15,18,3
GAS,Chinese Grand Prix,1.8785517902205229,1.350999999999999,91.992,90.641,0.5275517902205238,92.51955179022053,20,16,4
HAD,Chinese Grand Prix,0.834022473085132,0.4379999999999882,91.079,90.641,0.3960224730851438,91.47502247308513,8,7,1
HAM,Chinese Grand Prix,0.44549026695535743,0.28600000000000136,90.927,90.641,0.15949026695535606,91.08649026695537,5,5,0
HUL,Chinese Grand Prix,1.0584033431275304,0.9909999999999997,91.632,90.641,0.06740334312753071,91.69940334312754,10,13,3
LAW,Chinese Grand Prix,1.476387963489989,1.5330000000000013,92.174,90.641,0.05661203651001223,92.11738796348999,17,20,3
LEC,Chinese Grand Prix,0.31761905944538016,0.37999999999999545,91.021,90.641,0.062380940554615294,90.95861905944538,2,6,4
NOR,Chinese Grand Prix,0.6535540324901625,0.1460000000000008,90.787,90.641,0.5075540324901617,91.29455403249017,7,3,4
OCO,Chinese Grand Prix,1.4086839837170229,0.9839999999999947,91.625,90.641,0.4246839837170282,92.04968398371703,13,11,2
PIA,Chinese Grand Prix,0.37403664838474393,0.0,90.641,90.641,0.37403664838474393,91.01503664838475,3,1,2
RUS,Chinese Grand Prix,0.45262484182985896,0.08199999999999363,90.723,90.641,0.3706248418298653,91.09362484182986,6,2,4
SAI,Chinese Grand Prix,1.0595382142982455,0.9869999999999948,91.628,90.641,0.07253821429825069,91.70053821429825,11,12,1
STR,Chinese Grand Prix,1.1392260134157586,1.1319999999999908,91.773,90.641,0.007226013415767785,91.78022601341577,12,15,3
TSU,Chinese Grand Prix,1.4538631507603799,0.5969999999999942,91.238,90.641,0.8568631507603857,92.09486315076039,16,9,7
VER,Chinese Grand Prix,0.08882701597013351,0.17599999999998772,90.817,90.641,0.08717298402985421,90.72982701597014,1,4,3
ALB,Japanese Grand Prix,1.0387085952357669,0.6319999999999908,87.615,86.983,0.40670859523577607,88.02170859523576,10,9,1
ALO,Japanese Grand Prix,1.066432629744587,0.9140000000000015,87.897,86.983,0.1524326297445855,88.04943262974459,11,13,2
ANT,Japanese Grand Prix,0.5071777535830263,0.5720000000000027,87.555,86.983,0.06482224641697643,87.49017775358303,5,6,1
BEA,Japanese Grand Prix,1.2749251126897438,0.7279999999999944,87.711,86.983,0.5469251126897494,88.25792511268975,12,10,2
BOR,Japanese Grand Prix,2.2110501309749795,1.6389999999999958,88.622,86.983,0.5720501309749837,89.19405013097499,19,17,2
DOO,Japanese Grand Prix,1.9739722511949078,1.8939999999999912,88.877,86.983,0.07997225119491658,88.95697225119491,18,19,1
GAS,Japanese Grand Prix,1.5207196052693903,0.8389999999999986,87.822,86.983,0.6817196052693917,88.5037196052694,14,11,3
HAD,Japanese Grand Prix,0.9846262080946707,0.5859999999999985,87.569,86.983,0.3986262080946722,87.96762620809467,9,7,2
HAM,Japanese Grand Prix,0.5840923377570524,0.6269999999999953,87.61,86.983,0.04290766224294296,87.56709233775706,7,8,1
HUL,Japanese Grand Prix,1.7057604497354764,1.586999999999989,88.57,86.983,0.11876044973548727,88.68876044973548,16,16,0
LAW,Japanese Grand Prix,1.380761020731141,0.9230000000000018,87.906,86.983,0.4577610207311391,88.36376102073115,13,14,1
LEC,Japanese Grand Prix,0.38571996023508626,0.3160000000000025,87.299,86.983,0.06971996023508376,87.3687199602351,3,4,1
NOR,Japanese Grand Prix,0.35466877940316177,0.012000000000000455,86.995,86.983,0.3426687794031613,87.33766877940316,2,2,0
OCO,Japanese Grand Prix,2.568927016267531,1.7129999999999939,88.696,86.983,0.855927016267537,89.55192701626754,20,18,2
PIA,Japanese Grand Prix,0.4787242540623724,0.04399999999999693,87.027,86.983,0.43472425406237547,87.46172425406237,4,3,1
RUS,Japanese Grand Prix,0.5419989986711155,0.33499999999999375,87.318,86.983,0.2069989986711217,87.52499899867112,6,5,1
SAI,Japanese Grand Prix,0.7561375475069421,0.8529999999999944,87.836,86.983,0.09686245249305236,87.73913754750694,8,12,4
STR,Japanese Grand Prix,1.9268441083691594,2.2879999999999967,89.271,86.983,0.3611558916308373,88.90984410836916,17,20,3
TSU,Japanese Grand Prix,1.6698371962693395,0.9839999999999947,87.967,86.983,0.6858371962693448,88.65283719626935,15,15,0
VER,Japanese Grand Prix,0.1298973985479898,0.0,86.983,86.983,0.1298973985479898,87.112897398548,1,1,0
ALB,Bahrain Grand Prix,1.9918665020049686,2.1990000000000123,92.04,89.841,0.20713349799504366,91.83286650200496,15,16,1
ALO,Bahrain Grand Prix,1.832005928364386,1.7930000000000064,91.634,89.841,0.03900592836437955,91.67300592836438,14,14,0
ANT,Bahrain Grand Prix,0.691049925037859,0.3719999999999999,90.213,89.841,0.3190499250378591,90.53204992503785,7,4,3
BEA,Bahrain Grand Prix,2.784719182037583,2.5320000000000107,92.373,89.841,0.2527191820375725,92.62571918203757,20,20,0
BOR,Bahrain Grand Prix,2.335284453697795,2.345000000000013,92.186,89.841,0.009715546302218048,92.17628445369779,18,18,0
DOO,Bahrain Grand Prix,1.5653981133099344,1.4040000000000106,91.245,89.841,0.16139811330992382,91.40639811330993,13,11,2
GAS,Bahrain Grand Prix,1.1253629631179003,0.375,90.216,89.841,0.7503629631179003,90.96636296311789,9,5,4
HAD,Bahrain Grand Prix,1.465165464047799,1.4300000000000068,91.271,89.841,0.03516546404779208,91.3061654640478,10,12,2
HAM,Bahrain Grand Prix,0.6734425450266699,0.9310000000000116,90.772,89.841,0.2575574549733417,90.51444254502667,5,9,4
HUL,Bahrain Grand Prix,1.5252556929556604,1.8520000000000039,91.693,89.841,0.32674430704434343,91.36625569295566,12,15,3
LAW,Bahrain Grand Prix,2.1323226098824586,2.3240000000000123,92.165,89.841,0.1916773901175537,91.97332260988246,17,17,0
LEC,Bahrain Grand Prix,0.4755088104154197,0.3340000000000032,90.175,89.841,0.14150881041541652,90.31650881041541,2,3,1
NOR,Bahrain Grand Prix,0.5138539888192258,0.42600000000000193,90.267,89.841,0.0878539888192239,90.35485398881922,3,6,3
OCO,Bahrain Grand Prix,2.4872362925526987,1.7530000000000001,91.594,89.841,0.7342362925526986,92.32823629255269,19,13,6
PIA,Bahrain Grand Prix,0.7135297905725397,0.0,89.841,89.841,0.7135297905725397,90.55452979057253,8,1,7
RUS,Bahrain Grand Prix,0.6785562379885766,0.16800000000000637,90.009,89.841,0.5105562379885702,90.51955623798857,6,2,4
SAI,Bahrain Grand Prix,0.6078081669256509,0.8390000000000128,90.68,89.841,0.23119183307436197,90.44880816692564,4,8,4
STR,Bahrain Grand Prix,2.1127324069438687,2.4420000000000073,92.283,89.841,0.3292675930561386,91.95373240694386,16,19,3
TSU,Bahrain Grand Prix,1.517210906804702,1.3870000000000005,91.228,89.841,0.1302109068047015,91.3582109068047,11,10,1
VER,Bahrain Grand Prix,0.3055620973751403,0.5820000000000078,90.423,89.841,0.27643790262486756,90.14656209737514,1,7,6
ALB,Saudi Arabian Grand Prix,1.334066217782027,0.8149999999999977,88.109,87.294,0.5190662177820293,88.62806621778202,15,11,4
ALO,Saudi Arabian Grand Prix,1.0771892610425213,1.0090000000000003,88.303,87.294,0.06818926104252099,88.37118926104252,10,13,3
ANT,Saudi Arabian Grand Prix,0.7748553567824166,0.5040000000000049,87.798,87.294,0.2708553567824117,88.06885535678241,8,6,2
BEA,Saudi Arabian Grand Prix,1.0989606046877878,1.2420000000000044,88.536,87.294,0.14303939531221666,88.39296060468779,11,15,4
BOR,Saudi Arabian Grand Prix,1.7909524478653327,2.1680000000000064,89.462,87.294,0.37704755213467367,89.08495244786533,18,20,2
DOO,Saudi Arabian Grand Prix,1.8456973309865934,1.4450000000000074,88.739,87.294,0.400697330986586,89.13969733098659,19,17,2
GAS,Saudi Arabian Grand Prix,1.3210541002911524,0.7310000000000088,88.025,87.294,0.5900541002911437,88.61505410029115,14,9,5
HAD,Saudi Arabian Grand Prix,1.1929025323330928,1.1240000000000094,88.418,87.294,0.06890253233308341,88.48690253233309,12,14,2
HAM,Saudi Arabian Grand Prix,0.703352553612629,0.8080000000000069,88.102,87.294,0.10464744638737788,87.99735255361263,7,10,3
HUL,Saudi Arabian Grand Prix,1.464729137576085,1.4879999999999995,88.782,87.294,0.02327086242391463,88.75872913757608,17,18,1
LAW,Saudi Arabian Grand Prix,1.2659119591116883,0.8970000000000056,88.191,87.294,0.36891195911168273,88.55991195911169,13,12,1
LEC,Saudi Arabian Grand Prix,0.24832160193371144,0.3760000000000048,87.67,87.294,0.12767839806629333,87.54232160193371,2,5,3
NOR,Saudi Arabian Grand Prix,0.6643946800897831,0.1869999999999976,87.481,87.294,0.4773946800897855,87.95839468008978,6,4,2
OCO,Saudi Arabian Grand Prix,2.6227372727979033,1.7980000000000018,89.092,87.294,0.8247372727979014,89.9167372727979,20,19,1
PIA,Saudi Arabian Grand Prix,0.49278873115328864,0.010000000000005116,87.304,87.294,0.4827887311532835,87.78678873115328,3,2,1
RUS,Saudi Arabian Grand Prix,0.5336490528658552,0.11299999999999955,87.407,87.294,0.42064905286585563,87.82764905286585,4,3,1
SAI,Saudi Arabian Grand Prix,0.6440821658304441,0.730000000000004,88.024,87.294,0.08591783416955989,87.93808216583044,5,8,3
STR,Saudi Arabian Grand Prix,1.4236248333063426,1.350999999999999,88.645,87.294,0.0726248333063435,88.71762483330635,16,16,0
TSU,Saudi Arabian Grand Prix,0.9708485997580583,0.695999999999998,87.99,87.294,0.2748485997580603,88.26484859975805,9,7,2
VER,Saudi Arabian Grand Prix,0.010416411748993992,0.0,87.294,87.294,0.010416411748993992,87.30441641174899,1,1,0
ALB,Miami Grand Prix,0.8702074189471136,0.47800000000000864,86.682,86.204,0.392207418947105,87.07420741894711,10,7,3
ALO,Miami Grand Prix,1.3771351384108879,1.4000000000000057,87.604,86.204,0.022864861589117824,87.58113513841089,15,17,2
ANT,Miami Grand Prix,0.426287145577794,0.06700000000000728,86.271,86.204,0.35928714557778674,86.63028714557778,5,4,1
BEA,Miami Grand Prix,1.7158931947702731,1.7950000000000017,87.999,86.204,0.07910680522972857,87.91989319477027,19,20,1
BOR,Miami Grand Prix,1.403298591059797,0.9470000000000027,87.151,86.204,0.4562985910597943,87.60729859105979,16,13,3
DOO,Miami Grand Prix,1.2075485082792654,0.9820000000000135,87.186,86.204,0.22554850827925188,87.41154850827925,14,14,0
GAS,Miami Grand Prix,1.8577815140537033,1.5060000000000002,87.71,86.204,0.35178151405370306,88.06178151405369,20,18,2
HAD,Miami Grand Prix,1.097728084498672,0.7830000000000013,86.987,86.204,0.31472808449867085,87.30172808449866,12,11,1
HAM,Miami Grand Prix,0.7824709476691021,0.8020000000000067,87.006,86.204,0.019529052330904628,86.98647094766909,9,12,3
HUL,Miami Grand Prix,1.4604267694736883,1.2690000000000055,87.473,86.204,0.19142676947368287,87.66442676947368,17,16,1
LAW,Miami Grand Prix,1.1687572935923212,1.159000000000006,87.363,86.204,0.009757293592315142,87.37275729359231,13,15,2
LEC,Miami Grand Prix,0.3369657267590328,0.5500000000000114,86.754,86.204,0.21303427324097857,86.54096572675903,4,8,4
NOR,Miami Grand Prix,0.3089405142466599,0.06500000000001194,86.269,86.204,0.24394051424664798,86.51294051424665,2,2,0
OCO,Miami Grand Prix,1.0472858695122866,0.6200000000000045,86.824,86.204,0.4272858695122821,87.25128586951229,11,9,2
PIA,Miami Grand Prix,0.7601061829401707,0.06500000000001194,86.269,86.204,0.6951061829401588,86.96410618294017,8,2,6
RUS,Miami Grand Prix,0.44716979710573845,0.1810000000000116,86.385,86.204,0.26616979710572686,86.65116979710574,6,5,1
SAI,Miami Grand Prix,0.33034243801372776,0.3650000000000091,86.569,86.204,0.03465756198628134,86.53434243801372,3,6,3
STR,Miami Grand Prix,1.7069639907393017,1.6260000000000048,87.83,86.204,0.08096399073929694,87.91096399073929,18,19,1
TSU,Miami Grand Prix,0.7552090677104332,0.7390000000000043,86.943,86.204,0.01620906771042885,86.95920906771043,7,10,3
VER,Miami Grand Prix,0.08323844058565863,0.0,86.204,86.204,0.08323844058565863,86.28723844058565,1,1,0
ALB,Monaco Grand Prix,1.3491725834738966,0.7780000000000058,70.732,69.954,0.5711725834738908,71.3031725834739,13,6,7
ALO,Monaco Grand Prix,0.791020702724484,0.9700000000000131,70.924,69.954,0.17897929727552908,70.74502070272447,6,8,2
ANT,Monaco Grand Prix,1.5544506123702941,1.926000000000002,71.88,69.954,0.3715493876297078,71.50845061237028,14,15,1
BEA,Monaco Grand Prix,1.8847907098871026,2.0250000000000057,71.979,69.954,0.14020929011290306,71.83879070988709,17,17,0
BOR,Monaco Grand Prix,1.9841903272102022,1.9480000000000075,71.902,69.954,0.03619032721019466,71.9381903272102,19,16,3
COL,Monaco Grand Prix,1.8921485886129759,2.6430000000000007,72.597,69.954,0.7508514113870248,71.84614858861298,18,20,2
GAS,Monaco Grand Prix,2.0550638105503856,2.0400000000000063,71.994,69.954,0.015063810550379308,72.00906381055037,20,18,2
HAD,Monaco Grand Prix,0.8615794999259303,0.9690000000000083,70.923,69.954,0.107420500074078,70.81557949992592,7,7,0
HAM,Monaco Grand Prix,0.4956677798758998,0.4280000000000115,70.382,69.954,0.06766777987588835,70.4496677798759,5,4,1
HUL,Monaco Grand Prix,1.2140949498216833,1.6420000000000101,71.596,69.954,0.4279050501783268,71.16809494982168,12,14,2
LAW,Monaco Grand Prix,1.0019449657511434,1.1750000000000114,71.129,69.954,0.17305503424886792,70.95594496575114,8,10,2
LEC,Monaco Grand Prix,0.34424797244865646,0.10900000000000887,70.063,69.954,0.2352479724486476,70.29824797244865,3,2,1
NOR,Monaco Grand Prix,0.30681399827774614,0.0,69.954,69.954,0.30681399827774614,70.26081399827774,2,1,1
OCO,Monaco Grand Prix,1.125628257021288,0.9879999999999995,70.942,69.954,0.13762825702128856,71.07962825702128,10,9,1
PIA,Monaco Grand Prix,0.4573478613071944,0.17500000000001137,70.129,69.954,0.28234786130718303,70.41134786130719,4,3,1
RUS,Monaco Grand Prix,1.6538040226435191,1.5530000000000115,71.507,69.954,0.10080402264350763,71.6078040226435,15,13,2
SAI,Monaco Grand Prix,1.0393131953184418,1.4080000000000013,71.362,69.954,0.36868680468155945,70.99331319531844,9,11,2
STR,Monaco Grand Prix,1.8631785422908749,2.609000000000009,72.563,69.954,0.745821457709134,71.81717854229086,16,19,3
TSU,Monaco Grand Prix,1.1822455367646538,1.4610000000000127,71.415,69.954,0.2787544632353589,71.13624553676465,11,12,1
VER,Monaco Grand Prix,0.18651628401034076,0.7150000000000034,70.669,69.954,0.5284837159896627,70.14051628401033,1,5,4
ALB,Spanish Grand Prix,1.3031097596754928,1.0949999999999989,72.641,71.546,0.20810975967549394,72.8491097596755,10,11,1
ALO,Spanish Grand Prix,2.006203196413739,0.7379999999999995,72.284,71.546,1.2682031964137392,73.55220319641374,18,10,8
ANT,Spanish Grand Prix,0.5411804941399594,0.5649999999999977,72.111,71.546,0.023819505860038337,72.08718049413997,7,6,1
BEA,Spanish Grand Prix,1.8087645331151783,1.5279999999999916,73.074,71.546,0.2807645331151867,73.35476453311519,17,15,2
BOR,Spanish Grand Prix,1.4293564911854353,1.2099999999999937,72.756,71.546,0.21935649118544154,72.97535649118544,12,12,0
COL,Spanish Grand Prix,1.6945684018861498,1.7879999999999967,73.334,71.546,0.09343159811384694,73.24056840188615,16,19,3
GAS,Spanish Grand Prix,0.8993113725113255,0.6529999999999916,72.199,71.546,0.24631137251133395,72.44531137251133,8,8,0
HAD,Spanish Grand Prix,2.1716500809995027,0.7059999999999889,72.252,71.546,1.4656500809995139,73.7176500809995,20,9,11
HAM,Spanish Grand Prix,0.5164403860576929,0.4989999999999952,72.045,71.546,0.01744038605769771,72.0624403860577,5,5,0
HUL,Spanish Grand Prix,1.587003262645818,1.6439999999999912,73.19,71.546,0.05699673735417332,73.13300326264583,13,16,3
LAW,Spanish Grand Prix,1.2485793640063436,1.2169999999999987,72.763,71.546,0.03157936400634487,72.79457936400635,9,13,4
LEC,Spanish Grand Prix,0.35741774174381113,0.5849999999999937,72.131,71.546,0.2275822582561826,71.90341774174382,3,7,4
NOR,Spanish Grand Prix,0.31874967767151574,0.20899999999998897,71.755,71.546,0.10974967767152677,71.86474967767153,2,2,0
OCO,Spanish Grand Prix,2.093786798012649,1.654999999999987,73.201,71.546,0.43878679801266207,73.63978679801265,19,17,2
PIA,Spanish Grand Prix,0.4061623994471324,0.0,71.546,71.546,0.4061623994471324,71.95216239944713,4,1,3
RUS,Spanish Grand Prix,0.537615397731758,0.3019999999999925,71.848,71.546,0.23561539773176554,72.08361539773176,6,3,3
SAI,Spanish Grand Prix,1.3833310800617298,1.6569999999999965,73.203,71.546,0.2736689199382667,72.92933108006173,11,18,7
STR,Spanish Grand Prix,1.6417152946668419,1.4919999999999902,73.038,71.546,0.14971529466685163,73.18771529466684,14,14,0
TSU,Spanish Grand Prix,1.661605555056913,1.8389999999999986,73.385,71.546,0.17739444494308554,73.20760555505692,15,20,5
VER,Spanish Grand Prix,0.1320383545479669,0.3019999999999925,71.848,71.546,0.1699616454520256,71.67803835454798,1,3,2
ALB,Canadian Grand Prix,1.279083531061377,0.992999999999995,71.892,70.899,0.28608353106138207,72.17808353106138,12,10,2
ALO,Canadian Grand Prix,0.7227881154253681,0.6869999999999976,71.586,70.899,0.035788115425370526,71.62178811542537,7,6,1
ANT,Canadian Grand Prix,0.5349825544300857,0.49200000000000443,71.391,70.899,0.042982554430081255,71.43398255443009,5,4,1
BEA,Canadian Grand Prix,1.6245648497193814,1.4069999999999965,72.306,70.899,0.21756484971938495,72.52356484971938,16,14,2
BOR,Canadian Grand Prix,1.7836514129053307,1.4860000000000042,72.385,70.899,0.2976514129053265,72.68265141290533,18,16,2
COL,Canadian Grand Prix,1.3997007021870909,1.242999999999995,72.142,70.899,0.15670070218709586,72.29870070218709,14,12,2
GAS,Canadian Grand Prix,1.860398650600464,1.7680000000000007,72.667,70.899,0.09239865060046326,72.75939865060046,19,20,1
HAD,Canadian Grand Prix,0.8514726492311342,0.9680000000000035,71.867,70.899,0.11652735076886933,71.75047264923114,9,9,0
HAM,Canadian Grand Prix,0.5124741998410797,0.6269999999999953,71.526,70.899,0.11452580015891567,71.41147419984108,4,5,1
HUL,Canadian Grand Prix,1.17414628729163,1.284000000000006,72.183,70.899,0.10985371270837607,72.07314628729164,11,13,2
LAW,Canadian Grand Prix,1.6459571027344673,1.6260000000000048,72.525,70.899,0.019957102734462495,72.54495710273447,17,19,2
LEC,Canadian Grand Prix,0.7138159724694151,0.7270000000000039,71.626,70.899,0.013184027530588782,71.61281597246942,6,8,2
NOR,Canadian Grand Prix,0.8430881095352771,0.7000000000000028,71.599,70.899,0.1430881095352743,71.74208810953527,8,7,1
OCO,Canadian Grand Prix,1.993471122582695,1.4789999999999992,72.378,70.899,0.5144711225826959,72.89247112258269,20,15,5
PIA,Canadian Grand Prix,0.4460111944807893,0.22100000000000364,71.12,70.899,0.22501119448078566,71.34501119448079,2,3,1
RUS,Canadian Grand Prix,0.5020129789049919,0.0,70.899,70.899,0.5020129789049919,71.40101297890499,3,1,2
SAI,Canadian Grand Prix,1.3549956947691286,1.4989999999999952,72.398,70.899,0.1440043052308666,72.25399569476913,13,17,4
STR,Canadian Grand Prix,1.6117858543481876,1.617999999999995,72.517,70.899,0.006214145651807446,72.51078585434819,15,18,3
TSU,Canadian Grand Prix,1.127449182821972,1.203000000000003,72.102,70.899,0.07555081717803103,72.02644918282198,10,11,1
VER,Canadian Grand Prix,0.1107588681061775,0.1599999999999966,71.059,70.899,0.049241131893819096,71.00975886810618,1,2,1
ALB,Austrian Grand Prix,1.5323624161189366,1.1720000000000041,65.143,63.971,0.3603624161189325,65.50336241611893,16,13,3
ALO,Austrian Grand Prix,1.0345289640166848,1.1570000000000036,65.128,63.971,0.12247103598331877,65.00552896401668,8,12,4
ANT,Austrian Grand Prix,0.9547472827876375,1.0810000000000102,65.052,63.971,0.12625271721237263,64.92574728278764,7,10,3
BEA,Austrian Grand Prix,1.5590879086228269,1.247000000000007,65.218,63.971,0.3120879086228199,65.53008790862282,18,14,4
BOR,Austrian Grand Prix,1.228624386502126,0.8750000000000071,64.846,63.971,0.3536243865021189,65.19962438650212,10,7,3
COL,Austrian Grand Prix,1.4674885019824973,1.3070000000000093,65.278,63.971,0.16048850198248799,65.43848850198249,15,15,0
GAS,Austrian Grand Prix,1.1900803904664348,0.8750000000000071,64.846,63.971,0.31508039046642766,65.16108039046644,9,7,2
HAD,Austrian Grand Prix,1.3971557003566466,1.0920000000000059,65.063,63.971,0.30515570035664075,65.36815570035664,12,11,1
HAM,Austrian Grand Prix,0.5282782765855435,0.6109999999999971,64.582,63.971,0.08272172341445361,64.49927827658554,4,4,0
HUL,Austrian Grand Prix,1.6062427938119916,1.634999999999998,65.606,63.971,0.028757206188006368,65.57724279381199,19,20,1
LAW,Austrian Grand Prix,1.5430906539087759,0.9550000000000054,64.926,63.971,0.5880906539087705,65.51409065390877,17,9,8
LEC,Austrian Grand Prix,0.45883948988314793,0.5210000000000079,64.492,63.971,0.06216051011685997,64.42983948988315,2,2,0
NOR,Austrian Grand Prix,0.35015901109313485,0.0,63.971,63.971,0.35015901109313485,64.32115901109313,1,1,0
OCO,Austrian Grand Prix,1.8499404610397288,1.3930000000000078,65.364,63.971,0.45694046103972097,65.82094046103973,20,17,3
PIA,Austrian Grand Prix,0.5130382370616628,0.5830000000000055,64.554,63.971,0.06996176293834266,64.48403823706165,3,3,0
RUS,Austrian Grand Prix,0.5943886331638566,0.7920000000000087,64.763,63.971,0.1976113668361521,64.56538863316385,5,5,0
SAI,Austrian Grand Prix,1.3384146988035615,1.610999999999997,65.582,63.971,0.27258530119643565,65.30941469880356,11,19,8
STR,Austrian Grand Prix,1.4318528126635843,1.357999999999997,65.329,63.971,0.07385281266358734,65.40285281266358,14,16,2
TSU,Austrian Grand Prix,1.4080059368127122,1.3980000000000032,65.369,63.971,0.010005936812709004,65.3790059368127,13,18,5
VER,Austrian Grand Prix,0.6412208475495712,0.865000000000002,64.836,63.971,0.22377915245043078,64.61222084754957,6,6,0
ALB,British Grand Prix,1.3275872200498238,0.9969999999999999,85.889,84.892,0.3305872200498239,86.21958722004982,13,14,1
ALO,British Grand Prix,0.906191109502853,0.7010000000000076,85.593,84.892,0.20519110950284536,85.79819110950285,9,9,0
ANT,British Grand Prix,0.4384493552417751,0.4819999999999993,85.374,84.892,0.04355064475822423,85.33044935524177,5,7,2
BEA,British Grand Prix,0.9215867824668762,0.5790000000000077,85.471,84.892,0.34258678246686847,85.81358678246687,10,8,2
BOR,British Grand Prix,2.0277356106231763,1.554000000000002,86.446,84.892,0.47373561062317426,86.91973561062318,20,17,3
COL,British Grand Prix,2.0137261154868575,2.1680000000000064,87.06,84.892,0.15427388451314883,86.90572611548686,19,20,1
GAS,British Grand Prix,1.351286578356449,0.8190000000000026,85.711,84.892,0.5322865783564463,86.24328657835645,14,10,4
HAD,British Grand Prix,1.1616800983354711,0.9720000000000084,85.864,84.892,0.18968009833546273,86.05368009833546,12,13,1
HAM,British Grand Prix,0.7344352908265435,0.19200000000000728,85.084,84.892,0.5424352908265362,85.62643529082654,8,5,3
HUL,British Grand Prix,1.817223659598405,1.6820000000000022,86.574,84.892,0.13522365959840288,86.70922365959841,18,19,1
LAW,British Grand Prix,1.7323759835981836,1.5480000000000018,86.44,84.892,0.18437598359818175,86.62437598359818,17,16,1
LEC,British Grand Prix,0.3099638549150322,0.2289999999999992,85.121,84.892,0.080963854915033,85.20196385491502,3,6,3
NOR,British Grand Prix,0.28789459781330995,0.11800000000000921,85.01,84.892,0.16989459781330074,85.1798945978133,2,3,1
OCO,British Grand Prix,1.5574966323852744,1.058000000000007,85.95,84.892,0.4994966323852674,86.44949663238528,15,15,0
PIA,British Grand Prix,0.4222813112251673,0.10300000000000864,84.995,84.892,0.3192813112251587,85.31428131122516,4,2,2
RUS,British Grand Prix,0.4792701476308654,0.13700000000000045,85.029,84.892,0.34227014763086494,85.37127014763087,6,4,2
SAI,British Grand Prix,0.6705246057618008,0.8539999999999992,85.746,84.892,0.18347539423819836,85.5625246057618,7,11,4
STR,British Grand Prix,1.694268383407327,1.612000000000009,86.504,84.892,0.08226838340731812,86.58626838340733,16,18,2
TSU,British Grand Prix,1.078376988899567,0.9339999999999975,85.826,84.892,0.1443769888995694,85.97037698889956,11,12,1
VER,British Grand Prix,0.06823189500726984,0.0,84.892,84.892,0.06823189500726984,84.96023189500727,1,1,0
ALB,Belgian Grand Prix,1.0622410172232366,0.6389999999999958,101.201,100.562,0.4232410172232408,101.62424101722324,6,5,1
ALO,Belgian Grand Prix,1.6257503064282701,1.8230000000000075,102.385,100.562,0.19724969357173738,102.18775030642827,16,19,3
ANT,Belgian Grand Prix,1.5814944072800516,1.5769999999999982,102.139,100.562,0.0044944072800534585,102.14349440728004,15,18,3
BEA,Belgian Grand Prix,1.1622115740702792,1.0550000000000068,101.617,100.562,0.10721157407027238,101.72421157407028,9,12,3
BOR,Belgian Grand Prix,1.8776232821548664,0.7740000000000009,101.336,100.562,1.1036232821548655,102.43962328215487,20,10,10
COL,Belgian Grand Prix,1.740404711345437,1.460000000000008,102.022,100.562,0.2804047113454291,102.30240471134543,18,17,1
GAS,Belgian Grand Prix,1.47390087803599,1.070999999999998,101.633,100.562,0.40290087803599195,102.03590087803599,14,13,1
HAD,Belgian Grand Prix,1.1302110659562246,0.7190000000000083,101.281,100.562,0.41121106595621626,101.69221106595623,7,8,1
HAM,Belgian Grand Prix,1.25912435826362,1.1020000000000039,101.664,100.562,0.15712435826361615,101.82112435826362,13,14,1
HUL,Belgian Grand Prix,1.1353356842215154,1.144999999999996,101.707,100.562,0.009664315778480592,101.69733568422151,8,16,8
LAW,Belgian Grand Prix,1.226828955123299,0.7349999999999994,101.297,100.562,0.4918289551232995,101.7888289551233,11,9,2
LEC,Belgian Grand Prix,0.44063969803946973,0.33800000000000807,100.9,100.562,0.10263969803946166,101.00263969803947,3,3,0
NOR,Belgian Grand Prix,0.3594011317554766,0.0,100.562,100.562,0.3594011317554766,100.92140113175547,2,1,1
OCO,Belgian Grand Prix,1.7206959397258914,0.9630000000000081,101.525,100.562,0.7576959397258833,102.28269593972588,17,11,6
PIA,Belgian Grand Prix,0.7794650777703991,0.06400000000000716,100.626,100.562,0.7154650777703919,101.3414650777704,4,2,2
RUS,Belgian Grand Prix,1.0006985353968383,0.6920000000000073,101.254,100.562,0.308698535396831,101.56269853539683,5,7,2
SAI,Belgian Grand Prix,1.2325188789842358,1.1290000000000049,101.691,100.562,0.10351887898423096,101.79451887898423,12,15,3
STR,Belgian Grand Prix,1.8728001871804678,1.9399999999999977,102.502,100.562,0.06719981281952991,102.43480018718047,19,20,1
TSU,Belgian Grand Prix,1.1975823976908455,0.6830000000000069,101.245,100.562,0.5145823976908386,101.75958239769085,10,6,4
VER,Belgian Grand Prix,0.19803424386469556,0.3410000000000082,100.903,100.562,0.14296575613531262,100.7600342438647,1,4,3
ALB,Hungarian Grand Prix,1.320399428751633,1.3329999999999984,76.223,74.89,0.012600571248365444,76.21039942875163,15,20,5
ALO,Hungarian Grand Prix,1.163922473323667,0.39100000000000534,75.281,74.89,0.7729224733236617,76.05392247332367,12,5,7
ANT,Hungarian Grand Prix,0.8050830850268402,0.8029999999999973,75.693,74.89,0.002083085026842957,75.69508308502684,6,12,6
BEA,Hungarian Grand Prix,1.0945208329118152,0.804000000000002,75.694,74.89,0.2905208329118132,75.98452083291181,9,13,4
BOR,Hungarian Grand Prix,1.568842806106574,0.695999999999998,75.586,74.89,0.872842806106576,76.45884280610657,18,9,9
COL,Hungarian Grand Prix,1.4190549895970703,0.9849999999999994,75.875,74.89,0.4340549895970709,76.30905498959707,17,15,2
GAS,Hungarian Grand Prix,1.789202548853117,1.0759999999999934,75.966,74.89,0.7132025488531235,76.67920254885311,20,17,3
HAD,Hungarian Grand Prix,1.1561142793687216,0.5789999999999935,75.469,74.89,0.5771142793687281,76.04611427936872,11,7,4
HAM,Hungarian Grand Prix,0.7089217384533577,0.8119999999999976,75.702,74.89,0.1030782615466399,75.59892173845336,5,14,9
HUL,Hungarian Grand Prix,1.3685558601022167,1.1910000000000025,76.081,74.89,0.17755586010221425,76.25855586010222,16,19,3
LAW,Hungarian Grand Prix,1.2381052037323377,0.7399999999999949,75.63,74.89,0.4981052037323428,76.12810520373233,13,10,3
LEC,Hungarian Grand Prix,0.34731030990634293,0.4819999999999993,75.372,74.89,0.1346896900936564,75.23731030990635,2,6,4
NOR,Hungarian Grand Prix,0.6290191990547631,0.0,74.89,74.89,0.6290191990547631,75.51901919905477,3,1,2
OCO,Hungarian Grand Prix,1.7766115688356934,1.1329999999999956,76.023,74.89,0.6436115688356978,76.66661156883569,19,18,1
PIA,Hungarian Grand Prix,0.6615752629163405,0.05100000000000193,74.941,74.89,0.6105752629163386,75.55157526291634,4,2,2
RUS,Hungarian Grand Prix,0.8214179751484455,0.31099999999999284,75.201,74.89,0.5104179751484527,75.71141797514845,7,4,3
SAI,Hungarian Grand Prix,0.9982070538523331,0.7620000000000005,75.652,74.89,0.23620705385233265,75.88820705385234,8,11,3
STR,Hungarian Grand Prix,1.1068369435846461,0.23900000000000432,75.129,74.89,0.8678369435846418,75.99683694358464,10,3,7
TSU,Hungarian Grand Prix,1.2568328095423293,1.0090000000000003,75.899,74.89,0.247832809542329,76.14683280954233,14,16,2
VER,Hungarian Grand Prix,0.3394525579731602,0.6569999999999965,75.547,74.89,0.31754744202683627,75.22945255797316,1,8,7
ALB,Italian Grand Prix,1.1091675380974901,0.7909999999999968,79.583,78.792,0.3181675380974933,79.9011675380975,13,14,1
ALO,Italian Grand Prix,0.7797979978356471,0.5699999999999932,79.362,78.792,0.2097979978356539,79.57179799783565,9,9,0
ANT,Italian Grand Prix,0.36088239218309703,0.40800000000000125,79.2,78.792,0.04711760781690422,79.1528823921831,4,7,3
BEA,Italian Grand Prix,0.960264871920167,0.6539999999999964,79.446,78.792,0.3062648719201706,79.75226487192018,12,11,1
BOR,Italian Grand Prix,1.2631358387054623,0.5309999999999917,79.323,78.792,0.7321358387054706,80.05513583870547,15,8,7
COL,Italian Grand Prix,1.4362962716276173,1.2000000000000028,79.992,78.792,0.23629627162761446,80.22829627162761,17,18,1
GAS,Italian Grand Prix,1.9288881202113584,1.3109999999999928,80.103,78.792,0.6178881202113655,80.72088812021136,20,19,1
HAD,Italian Grand Prix,1.370937600289516,1.125,79.917,78.792,0.24593760028951595,80.16293760028952,16,16,0
HAM,Italian Grand Prix,0.372635542291323,0.33199999999999363,79.124,78.792,0.040635542291329374,79.16463554229132,5,5,0
HUL,Italian Grand Prix,0.9342718794314895,0.7060000000000031,79.498,78.792,0.2282718794314864,79.7262718794315,11,12,1
LAW,Italian Grand Prix,1.508449216262241,1.4869999999999948,80.279,78.792,0.021449216262246162,80.30044921626224,19,20,1
LEC,Italian Grand Prix,0.24098689650247196,0.2150000000000034,79.007,78.792,0.02598689650246855,79.03298689650248,2,4,2
NOR,Italian Grand Prix,0.25680643034930056,0.07699999999999818,78.869,78.792,0.17980643034930238,79.0488064303493,3,2,1
OCO,Italian Grand Prix,1.259664504257295,0.914999999999992,79.707,78.792,0.3446645042573029,80.0516645042573,14,15,1
PIA,Italian Grand Prix,0.37868669629444307,0.18999999999999773,78.982,78.792,0.18868669629444534,79.17068669629444,6,3,3
RUS,Italian Grand Prix,0.40684888969836625,0.3649999999999949,79.157,78.792,0.04184888969837136,79.19884888969837,7,6,1
SAI,Italian Grand Prix,0.614286829743136,0.7360000000000042,79.528,78.792,0.12171317025686823,79.40628682974314,8,13,5
STR,Italian Grand Prix,1.4469981792355453,1.1559999999999917,79.948,78.792,0.2909981792355536,80.23899817923555,18,17,1
TSU,Italian Grand Prix,0.9130488133919668,0.6410000000000053,79.433,78.792,0.2720488133919614,79.70504881339197,10,10,0
VER,Italian Grand Prix,0.030928835205374965,0.0,78.792,78.792,0.030928835205374965,78.82292883520537,1,1,0
ALB,Azerbaijan Grand Prix,1.7213820838683769,2.6610000000000014,103.778,101.117,0.9396179161316245,102.83838208386838,18,20,2
ALO,Azerbaijan Grand Prix,0.7294323975566923,0.7399999999999949,101.857,101.117,0.01056760244330257,101.8464323975567,6,12,6
ANT,Azerbaijan Grand Prix,0.27076931345609,0.3469999999999942,101.464,101.117,0.07623068654390419,101.38776931345609,2,6,4
BEA,Azerbaijan Grand Prix,1.7073179084472168,1.5489999999999924,102.666,101.117,0.15831790844722438,102.82431790844723,17,15,2
BOR,Azerbaijan Grand Prix,1.686359756446644,1.1599999999999966,102.277,101.117,0.5263597564466473,102.80335975644665,16,14,2
COL,Azerbaijan Grand Prix,1.6144929273653905,1.661999999999992,102.779,101.117,0.04750707263460141,102.7314929273654,15,16,1
GAS,Azerbaijan Grand Prix,2.208441210602266,2.0219999999999914,103.139,101.117,0.1864412106022746,103.32544121060226,19,19,0
HAD,Azerbaijan Grand Prix,1.241475337645808,0.5300000000000011,101.647,101.117,0.711475337645807,102.35847533764581,13,9,4
HAM,Azerbaijan Grand Prix,0.9596119589345885,0.7039999999999935,101.821,101.117,0.255611958934595,102.07661195893459,8,11,3
HUL,Azerbaijan Grand Prix,1.4493273137530998,1.7989999999999924,102.916,101.117,0.34967268624689263,102.5663273137531,14,17,3
LAW,Azerbaijan Grand Prix,0.9623165507342019,0.4200000000000017,101.537,101.117,0.5423165507342002,102.0793165507342,9,7,2
LEC,Azerbaijan Grand Prix,0.6620555852520442,0.340999999999994,101.458,101.117,0.32105558525205025,101.77905558525205,5,5,0
NOR,Azerbaijan Grand Prix,0.9632793988687582,0.2049999999999983,101.322,101.117,0.75827939886876,102.08027939886877,10,2,8
OCO,Azerbaijan Grand Prix,2.4238760475006123,1.8870000000000005,103.004,101.117,0.5368760475006118,103.54087604750062,20,18,2
PIA,Azerbaijan Grand Prix,0.6257351682975294,0.29699999999999704,101.414,101.117,0.32873516829753235,101.74273516829753,4,3,1
RUS,Azerbaijan Grand Prix,1.0213026753312242,0.33799999999999386,101.455,101.117,0.6833026753312303,102.13830267533123,11,4,7
SAI,Azerbaijan Grand Prix,0.48277189604567283,0.47799999999999443,101.595,101.117,0.004771896045678403,101.59977189604568,3,8,5
STR,Azerbaijan Grand Prix,1.1146057602500752,0.9839999999999947,102.101,101.117,0.13060576025008053,102.23160576025008,12,13,1
TSU,Azerbaijan Grand Prix,0.8799116682615145,0.6709999999999923,101.788,101.117,0.2089116682615222,101.99691166826152,7,10,3
VER,Azerbaijan Grand Prix,0.0,0.0,101.117,101.117,0.0,101.117,1,1,0
ALB,Singapore Grand Prix,1.2378708860796,1.043999999999997,90.202,89.158,0.193870886079603,90.3958708860796,14,12,2
ALO,Singapore Grand Prix,0.7094253139175648,0.796999999999997,89.955,89.158,0.08757468608243224,89.86742531391756,8,10,2
ANT,Singapore Grand Prix,0.4414451028146905,0.3790000000000049,89.537,89.158,0.06244510281468563,89.5994451028147,5,4,1
BEA,Singapore Grand Prix,0.9753099450487919,0.7099999999999937,89.868,89.158,0.2653099450487981,90.1333099450488,11,9,2
BOR,Singapore Grand Prix,7.772554089263206,1.661999999999992,90.82,89.158,6.110554089263214,96.93055408926321,20,16,4
COL,Singapore Grand Prix,1.5874171179382484,1.823999999999998,90.982,89.158,0.2365828820617497,90.74541711793825,17,18,1
GAS,Singapore Grand Prix,1.893904811592508,2.1029999999999944,91.261,89.158,0.20909518840748653,91.05190481159251,18,20,2
HAD,Singapore Grand Prix,0.8022373533209615,0.6880000000000024,89.846,89.158,0.11423735332095908,89.96023735332096,10,8,2
HAM,Singapore Grand Prix,0.5279709887900349,0.5300000000000011,89.688,89.158,0.002029011209966236,89.68597098879003,7,6,1
HUL,Singapore Grand Prix,1.069839788618812,0.9830000000000041,90.141,89.158,0.08683978861880792,90.22783978861881,12,11,1
LAW,Singapore Grand Prix,1.2503459147751552,1.161999999999992,90.32,89.158,0.08834591477516329,90.40834591477515,15,14,1
LEC,Singapore Grand Prix,0.38448809008573986,0.6260000000000048,89.784,89.158,0.2415119099142649,89.54248809008574,4,7,3
NOR,Singapore Grand Prix,0.29492343211796834,0.42799999999999727,89.586,89.158,0.13307656788202893,89.45292343211797,2,5,3
OCO,Singapore Grand Prix,1.976286828657914,1.831000000000003,90.989,89.158,0.14528682865791098,91.13428682865792,19,19,0
PIA,Singapore Grand Prix,0.3717949699275224,0.36599999999999966,89.524,89.158,0.005794969927522764,89.52979496992752,3,3,0
RUS,Singapore Grand Prix,0.4613137245595652,0.0,89.158,89.158,0.4613137245595652,89.61931372455956,6,1,5
SAI,Singapore Grand Prix,0.710833265631994,1.0769999999999982,90.235,89.158,0.3661667343680042,89.86883326563199,9,13,4
STR,Singapore Grand Prix,1.5544201526241581,1.7909999999999968,90.949,89.158,0.2365798473758387,90.71242015262416,16,17,1
TSU,Singapore Grand Prix,1.0816483450043561,1.1949999999999932,90.353,89.158,0.11335165499563704,90.23964834500435,13,15,2
VER,Singapore Grand Prix,0.10075123281825621,0.18200000000000216,89.34,89.158,0.08124876718174595,89.25875123281826,1,2,1
ALB,United States Grand Prix,1.4373768978351595,1.1599999999999966,93.67,92.51,0.27737689783516295,93.94737689783517,14,15,1
ALO,United States Grand Prix,0.7265446344178792,0.6499999999999915,93.16,92.51,0.07654463441788772,93.23654463441788,8,10,2
ANT,United States Grand Prix,0.8368878785181388,0.5339999999999918,93.044,92.51,0.302887878518147,93.34688787851815,9,6,3
BEA,United States Grand Prix,0.9704730832546464,0.6289999999999907,93.139,92.51,0.34147308325465575,93.48047308325465,10,9,1
BOR,United States Grand Prix,1.827378792559025,1.6149999999999949,94.125,92.51,0.21237879255903014,94.33737879255904,17,18,1
COL,United States Grand Prix,1.5721801900409513,1.5289999999999964,94.039,92.51,0.04318019004095497,94.08218019004096,16,17,1
GAS,United States Grand Prix,1.8475739579838755,1.0889999999999986,93.599,92.51,0.7585739579838768,94.35757395798387,18,14,4
HAM,United States Grand Prix,0.4580206831934909,0.402000000000001,92.912,92.51,0.05602068319348985,92.9680206831935,5,5,0
HUL,United States Grand Prix,1.1198138977733978,0.8239999999999981,93.334,92.51,0.2958138977733997,93.6298138977734,12,11,1
LAW,United States Grand Prix,1.1929340464672729,0.8499999999999943,93.36,92.51,0.34293404646727854,93.70293404646728,13,12,1
LEC,United States Grand Prix,0.37463516876594083,0.29699999999999704,92.807,92.51,0.07763516876594379,92.88463516876594,3,3,0
NOR,United States Grand Prix,0.3269946779406132,0.2909999999999968,92.801,92.51,0.03599467794061639,92.83699467794062,2,2,0
OCO,United States Grand Prix,2.069083626526033,1.6259999999999906,94.136,92.51,0.4430836265260423,94.57908362652604,19,19,0
PIA,United States Grand Prix,0.4420951643181353,0.5739999999999981,93.084,92.51,0.1319048356818628,92.95209516431814,4,7,3
RUS,United States Grand Prix,0.5024690139307002,0.3159999999999883,92.826,92.51,0.1864690139307119,93.01246901393071,6,4,2
SAI,United States Grand Prix,0.6597583214795227,0.6139999999999901,93.124,92.51,0.045758321479532627,93.16975832147953,7,8,1
STR,United States Grand Prix,1.5680180982845058,1.367999999999995,93.878,92.51,0.20001809828451078,94.07801809828452,15,16,1
TSU,United States Grand Prix,1.083633119688925,0.9559999999999889,93.466,92.51,0.1276331196889362,93.59363311968893,11,13,2
VER,United States Grand Prix,0.08783133374240307,0.0,92.51,92.51,0.08783133374240307,92.5978313337424,1,1,0
ALB,Mexico City Grand Prix,1.813708434493822,1.9039999999999964,77.49,75.586,0.09029156550617445,77.39970843449382,15,17,2
ALO,Mexico City Grand Prix,1.2439432803043198,1.516999999999996,77.103,75.586,0.27305671969567613,76.82994328030432,11,15,4
ANT,Mexico City Grand Prix,0.49759954062253625,0.5319999999999965,76.118,75.586,0.034400459377460224,76.08359954062253,7,6,1
BEA,Mexico City Grand Prix,1.0327521609855952,0.8739999999999952,76.46,75.586,0.15875216098559997,76.6187521609856,10,10,0
BOR,Mexico City Grand Prix,2.13015776166437,1.8260000000000076,77.412,75.586,0.30415776166436226,77.71615776166436,20,16,4
COL,Mexico City Grand Prix,1.8901365149526437,2.084000000000003,77.67,75.586,0.1938634850473595,77.47613651495264,17,20,3
GAS,Mexico City Grand Prix,2.1043938521126595,1.960000000000008,77.546,75.586,0.14439385211265154,77.69039385211266,19,18,1
HAD,Mexico City Grand Prix,0.8784356691753545,0.6659999999999968,76.252,75.586,0.21243566917535772,76.46443566917536,9,9,0
HAM,Mexico City Grand Prix,0.43116689207193026,0.35200000000000387,75.938,75.586,0.0791668920719264,76.01716689207193,5,3,2
HUL,Mexico City Grand Prix,1.3010251815415756,1.4300000000000068,77.016,75.586,0.12897481845843117,76.88702518154157,13,14,1
LAW,Mexico City Grand Prix,1.8910570533153137,1.375,76.961,75.586,0.5160570533153137,77.4770570533153,18,13,5
LEC,Mexico City Grand Prix,0.3492893143146996,0.26200000000000045,75.848,75.586,0.08728931431469916,75.9352893143147,3,2,1
NOR,Mexico City Grand Prix,0.3352671756698471,0.0,75.586,75.586,0.3352671756698471,75.92126717566984,2,1,1
OCO,Mexico City Grand Prix,1.5999289110435468,1.2510000000000048,76.837,75.586,0.34892891104354207,77.18592891104355,14,12,2
PIA,Mexico City Grand Prix,0.45690157648848373,0.5880000000000081,76.174,75.586,0.13109842351152434,76.04290157648848,6,8,2
RUS,Mexico City Grand Prix,0.5276372014343472,0.4480000000000075,76.034,75.586,0.07963720143433972,76.11363720143434,8,4,4
SAI,Mexico City Grand Prix,0.36153746508876194,0.5859999999999985,76.172,75.586,0.22446253491123658,75.94753746508876,4,7,3
STR,Mexico City Grand Prix,1.8809758980993774,2.019999999999996,77.606,75.586,0.13902410190061865,77.46697589809938,16,19,3
TSU,Mexico City Grand Prix,1.2760969229588857,1.230000000000004,76.816,75.586,0.04609692295888168,76.86209692295888,12,11,1
VER,Mexico City Grand Prix,0.18659901873650003,0.48399999999999466,76.07,75.586,0.2974009812634946,75.7725990187365,1,5,4
ALB,São Paulo Grand Prix,0.8035295591931477,0.5420000000000016,70.053,69.511,0.26152955919314613,70.31452955919315,14,14,0
ALO,São Paulo Grand Prix,0.4899963161209233,0.4900000000000091,70.001,69.511,3.683879085780717e-06,70.00099631612092,6,11,5
ANT,São Paulo Grand Prix,0.19960169369672523,0.1740000000000066,69.685,69.511,0.025601693696718636,69.71060169369672,2,2,0
BEA,São Paulo Grand Prix,0.6909977332419603,0.24399999999999977,69.755,69.511,0.44699773324196057,70.20199773324195,10,3,7
COL,São Paulo Grand Prix,1.1481018965513212,1.1210000000000093,70.632,69.511,0.0271018965513119,70.65910189655132,18,18,0
GAS,São Paulo Grand Prix,0.7731240950550111,0.34600000000000364,69.857,69.511,0.4271240950550075,70.284124095055,13,6,7
HAD,São Paulo Grand Prix,0.4932503277620459,0.4200000000000017,69.931,69.511,0.07325032776204421,70.00425032776204,7,8,1
HAM,São Paulo Grand Prix,0.7015726106009509,0.5050000000000097,70.016,69.511,0.19657261060094122,70.21257261060094,11,12,1
HUL,São Paulo Grand Prix,0.44715859511575295,0.47400000000000375,69.985,69.511,0.026841404884250797,69.95815859511575,5,10,5
LAW,São Paulo Grand Prix,0.6522242070563722,0.43900000000000716,69.95,69.511,0.21322420705636502,70.16322420705637,9,9,0
LEC,São Paulo Grand Prix,0.22500997046517135,0.29000000000000625,69.801,69.511,0.0649900295348349,69.73600997046516,3,4,1
NOR,São Paulo Grand Prix,0.03654769817641987,0.0,69.511,69.511,0.03654769817641987,69.54754769817642,1,1,0
OCO,São Paulo Grand Prix,1.5133440724085125,0.9270000000000067,70.438,69.511,0.5863440724085058,71.02434407240851,19,17,2
PIA,São Paulo Grand Prix,0.42210347524284014,0.32399999999999807,69.835,69.511,0.09810347524284208,69.93310347524283,4,5,1
RUS,São Paulo Grand Prix,0.5177635896792138,0.3689999999999998,69.88,69.511,0.148763589679214,70.02876358967922,8,7,1
SAI,São Paulo Grand Prix,0.7191790342155687,0.6730000000000018,70.184,69.511,0.046179034215566905,70.23017903421557,12,15,3
STR,São Paulo Grand Prix,0.9132101144208852,0.5300000000000011,70.041,69.511,0.38321011442088404,70.42421011442089,16,13,3
TSU,São Paulo Grand Prix,1.0405398968176438,1.2000000000000028,70.711,69.511,0.15946010318235904,70.55153989681764,17,19,2
VER,São Paulo Grand Prix,0.8586640041764084,0.8920000000000101,70.403,69.511,0.033335995823601694,70.3696640041764,15,16,1
ALB,Las Vegas Grand Prix,8.479195968485216,8.286000000000001,116.22,107.934,0.19319596848521492,116.41319596848521,16,16,0
ALO,Las Vegas Grand Prix,1.5023355214079765,1.5319999999999965,109.466,107.934,0.029664478592019927,109.43633552140797,8,7,1
ANT,Las Vegas Grand Prix,8.577970755817647,8.379999999999995,116.314,107.934,0.19797075581765178,116.51197075581764,18,17,1
BEA,Las Vegas Grand Prix,5.7291299411779,5.159999999999997,113.094,107.934,0.5691299411779038,113.6631299411779,14,14,0
BOR,Las Vegas Grand Prix,9.601857656676327,8.740000000000009,116.674,107.934,0.8618576566763174,117.53585765667633,20,18,2
COL,Las Vegas Grand Prix,7.469914256407794,5.749000000000009,113.683,107.934,1.7209142564077844,115.40391425640779,15,15,0
GAS,Las Vegas Grand Prix,2.421865921056756,3.6060000000000088,111.54,107.934,1.1841340789432526,110.35586592105675,10,10,0
HAD,Las Vegas Grand Prix,1.3125218907763647,1.6200000000000045,109.554,107.934,0.30747810922363983,109.24652189077636,7,8,1
HAM,Las Vegas Grand Prix,8.943459614436799,9.180999999999997,117.115,107.934,0.23754038556319834,116.8774596144368,19,20,1
HUL,Las Vegas Grand Prix,5.079255144063875,4.847000000000008,112.781,107.934,0.23225514406386694,113.01325514406388,12,11,1
LAW,Las Vegas Grand Prix,1.7033225253482285,1.1280000000000001,109.062,107.934,0.5753225253482284,109.63732252534822,9,6,3
LEC,Las Vegas Grand Prix,1.067549476899044,1.9380000000000024,109.872,107.934,0.8704505231009585,109.00154947689904,4,9,5
NOR,Las Vegas Grand Prix,0.9898087078351869,0.0,107.934,107.934,0.9898087078351869,108.92380870783518,3,1,2
OCO,Las Vegas Grand Prix,5.195696390690831,5.052999999999997,112.987,107.934,0.1426963906908334,113.12969639069082,13,13,0
PIA,Las Vegas Grand Prix,1.1292890885519036,1.027000000000001,108.961,107.934,0.10228908855190255,109.0632890885519,5,5,0
RUS,Las Vegas Grand Prix,1.1954468395336186,0.8689999999999998,108.803,107.934,0.32644683953361886,109.12944683953361,6,4,2
SAI,Las Vegas Grand Prix,0.8443412735200599,0.362000000000009,108.296,107.934,0.48234127352005096,108.77834127352006,2,3,1
STR,Las Vegas Grand Prix,4.547273298369786,4.915999999999997,112.85,107.934,0.3687267016302105,112.48127329836979,11,12,1
TSU,Las Vegas Grand Prix,8.495074157444131,8.864000000000004,116.798,107.934,0.368925842555873,116.42907415744413,17,19,2
VER,Las Vegas Grand Prix,0.4770759713321169,0.3230000000000075,108.257,107.934,0.15407597133210937,108.41107597133211,1,2,1
ALB,Qatar Grand Prix,1.2442918975112405,1.2420000000000044,80.629,79.387,0.0022918975112360407,80.63129189751125,14,15,1
ALO,Qatar Grand Prix,0.9787460419439914,0.8319999999999936,80.219,79.387,0.14674604194399776,80.36574604194399,9,7,2
ANT,Qatar Grand Prix,0.4809244149334945,0.4590000000000032,79.846,79.387,0.021924414933491343,79.8679244149335,5,5,0
BEA,Qatar Grand Prix,0.9802163063677183,1.051000000000002,80.438,79.387,0.07078369363228365,80.36721630636772,10,13,3
BOR,Qatar Grand Prix,1.290400210961705,1.1470000000000056,80.534,79.387,0.14340021096169941,80.67740021096171,15,14,1
COL,Qatar Grand Prix,1.6860241336183095,1.75,81.137,79.387,0.0639758663816905,81.0730241336183,19,20,1
GAS,Qatar Grand Prix,1.2074873261628354,0.9369999999999976,80.324,79.387,0.27048732616283777,80.59448732616283,12,9,3
HAD,Qatar Grand Prix,0.8259187072653041,0.7270000000000039,80.114,79.387,0.09891870726530028,80.2129187072653,8,6,2
HAM,Qatar Grand Prix,1.3092846902587352,1.519999999999996,80.907,79.387,0.21071530974126085,80.69628469025874,16,18,2
HUL,Qatar Grand Prix,1.1102909636990705,0.965999999999994,80.353,79.387,0.14429096369907657,80.49729096369907,11,11,0
LAW,Qatar Grand Prix,1.2339945955884741,1.0460000000000065,80.433,79.387,0.18799459558846765,80.62099459558847,13,12,1
LEC,Qatar Grand Prix,0.6886704839756271,0.9560000000000031,80.343,79.387,0.26732951602437593,80.07567048397563,6,10,4
NOR,Qatar Grand Prix,0.2881068528340418,0.10800000000000409,79.495,79.387,0.1801068528340377,79.67510685283405,2,2,0
OCO,Qatar Grand Prix,1.9427224561826442,1.4770000000000039,80.864,79.387,0.4657224561826403,81.32972245618265,20,17,3
PIA,Qatar Grand Prix,0.3916735738210271,0.0,79.387,79.387,0.3916735738210271,79.77867357382102,3,1,2
RUS,Qatar Grand Prix,0.47402398102498533,0.2750000000000057,79.662,79.387,0.19902398102497965,79.86102398102499,4,4,0
SAI,Qatar Grand Prix,0.7894840662320424,0.8640000000000043,80.251,79.387,0.07451593376796195,80.17648406623205,7,8,1
STR,Qatar Grand Prix,1.6517220754090305,1.6710000000000065,81.058,79.387,0.019277924590975992,81.03872207540903,18,19,1
TSU,Qatar Grand Prix,1.4843970888732874,1.3739999999999952,80.761,79.387,0.11039708887329214,80.8713970888733,17,16,1
VER,Qatar Grand Prix,0.09676099419297013,0.2639999999999958,79.651,79.387,0.16723900580702566,79.48376099419298,1,3,2
ALB,Abu Dhabi Grand Prix,1.5290012902608279,1.2090000000000032,83.416,82.207,0.3200012902608247,83.73600129026082,19,17,2
ALO,Abu Dhabi Grand Prix,0.8026345140306138,0.6540000000000106,82.861,82.207,0.14863451403060324,83.00963451403061,7,6,1
ANT,Abu Dhabi Grand Prix,1.2401609446723314,0.6870000000000118,82.894,82.207,0.5531609446723196,83.44716094467232,16,8,8
BEA,Abu Dhabi Grand Prix,0.995690680053593,0.8340000000000032,83.041,82.207,0.16169068005358977,83.20269068005359,11,12,1
BOR,Abu Dhabi Grand Prix,1.1681491468163325,0.6670000000000016,82.874,82.207,0.5011491468163309,83.37514914681633,14,7,7
COL,Abu Dhabi Grand Prix,1.4811954613411382,1.683000000000007,83.89,82.207,0.20180453865886872,83.68819546134114,18,20,2
GAS,Abu Dhabi Grand Prix,1.7356484979051041,1.26100000000001,83.468,82.207,0.4746484979050942,83.9426484979051,20,19,1
HAD,Abu Dhabi Grand Prix,0.9245661406285837,0.7900000000000063,82.997,82.207,0.1345661406285774,83.13156614062858,9,10,1
HAM,Abu Dhabi Grand Prix,1.1776348958246192,1.1870000000000118,83.394,82.207,0.009365104175392602,83.38463489582462,15,16,1
HUL,Abu Dhabi Grand Prix,1.3179062852635748,1.2430000000000092,83.45,82.207,0.07490628526356558,83.52490628526357,17,18,1
LAW,Abu Dhabi Grand Prix,1.0164718351263664,0.8700000000000045,83.077,82.207,0.14647183512636186,83.22347183512636,12,14,2
LEC,Abu Dhabi Grand Prix,0.32771927786494226,0.5230000000000103,82.73,82.207,0.19528072213506809,82.53471927786494,3,5,2
NOR,Abu Dhabi Grand Prix,0.24831278590158715,0.20100000000000762,82.408,82.207,0.04731278590157953,82.45531278590158,2,2,0
OCO,Abu Dhabi Grand Prix,1.0666275007846575,0.7060000000000031,82.913,82.207,0.36062750078465444,83.27362750078466,13,9,4
PIA,Abu Dhabi Grand Prix,0.36205227419906094,0.23000000000000398,82.437,82.207,0.13205227419905696,82.56905227419905,4,3,1
RUS,Abu Dhabi Grand Prix,0.39372539974282306,0.4380000000000024,82.645,82.207,0.04427460025717933,82.60072539974281,5,4,1
SAI,Abu Dhabi Grand Prix,0.6496602602857089,0.835000000000008,83.042,82.207,0.18533973971429907,82.85666026028571,6,13,7
STR,Abu Dhabi Grand Prix,0.989227780307839,0.8900000000000006,83.097,82.207,0.09922778030783841,83.19622778030784,10,15,5
TSU,Abu Dhabi Grand Prix,0.8998956765377902,0.8270000000000124,83.034,82.207,0.07289567653777784,83.10689567653779,8,11,3
VER,Abu Dhabi Grand Prix,0.0685828514622028,0.0,82.207,82.207,0.0685828514622028,82.27558285146219,1,1,0
