year,race,driver,real_time_seconds,Driver_x,Event,HistAvgGapToPole,Driver_y,DriverOverallAvg,BaselinePredGap,ActualPole2025,ActualGapToPole2025,BaselineError
2025,Australian Grand Prix,ALB,75.737,ALB,Australian Grand Prix,1.6272499999999965,ALB,1.749718446601942,1.6272499999999965,75.096,0.6409999999999911,0.9862500000000054
2025,Australian Grand Prix,ALO,76.288,ALO,Australian Grand Prix,0.7163333333333289,ALO,1.1108,0.7163333333333289,75.096,1.191999999999993,0.47566666666666413
2025,Australian Grand Prix,ANT,76.525,,,,,,,75.096,1.429000000000002,
2025,Australian Grand Prix,BOR,76.516,,,,,,,75.096,1.4200000000000017,
2025,Australian Grand Prix,DOO,76.315,,,,DOO,1.5100000000000051,1.5100000000000051,75.096,1.218999999999994,0.291000000000011
2025,Australian Grand Prix,GAS,75.98,GAS,Australian Grand Prix,1.700249999999997,GAS,1.7837499999999997,1.700249999999997,75.096,0.8840000000000003,0.8162499999999966
2025,Australian Grand Prix,HAD,76.175,,,,,,,75.096,1.0789999999999935,
2025,Australian Grand Prix,HAM,75.919,HAM,Australian Grand Prix,0.5934999999999988,HAM,0.6594803149606296,0.5934999999999988,75.096,0.8229999999999933,0.2294999999999945
2025,Australian Grand Prix,HUL,76.579,HUL,Australian Grand Prix,1.5983333333333338,HUL,1.9244583333333343,1.5983333333333338,75.096,1.4829999999999899,0.11533333333334395
2025,Australian Grand Prix,LAW,77.094,,,,LAW,2.5228181818181836,2.5228181818181836,75.096,1.9979999999999905,0.5248181818181932
2025,Australian Grand Prix,LEC,75.755,LEC,Australian Grand Prix,0.4954999999999963,LEC,0.7576015625000003,0.4954999999999963,75.096,0.6589999999999918,0.16349999999999554
2025,Australian Grand Prix,NOR,75.096,NOR,Australian Grand Prix,1.1099999999999994,NOR,1.0998046875000003,1.1099999999999994,75.096,0.0,1.1099999999999994
2025,Australian Grand Prix,OCO,77.147,OCO,Australian Grand Prix,1.3103333333333371,OCO,1.7903238095238099,1.3103333333333371,75.096,2.051000000000002,0.7406666666666648
2025,Australian Grand Prix,PIA,75.18,PIA,Australian Grand Prix,1.2209999999999965,PIA,0.7748913043478266,1.2209999999999965,75.096,0.08400000000000318,1.1369999999999933
2025,Australian Grand Prix,RUS,75.546,RUS,Australian Grand Prix,1.4960000000000022,RUS,1.7283437499999998,1.4960000000000022,75.096,0.45000000000000284,1.0459999999999994
2025,Australian Grand Prix,SAI,75.931,SAI,Australian Grand Prix,1.0017499999999977,SAI,0.9011746031746035,1.0017499999999977,75.096,0.8349999999999937,0.16675000000000395
2025,Australian Grand Prix,STR,76.369,STR,Australian Grand Prix,1.323999999999998,STR,2.286904,1.323999999999998,75.096,1.2729999999999961,0.05100000000000193
2025,Australian Grand Prix,TSU,75.67,TSU,Australian Grand Prix,1.2653333333333354,TSU,1.9705172413793104,1.2653333333333354,75.096,0.5739999999999981,0.6913333333333374
2025,Australian Grand Prix,VER,75.481,VER,Australian Grand Prix,0.2799999999999976,VER,0.3226587301587303,0.2799999999999976,75.096,0.3849999999999909,0.10499999999999332
2025,Chinese Grand Prix,ALB,91.503,ALB,Chinese Grand Prix,1.581000000000003,ALB,1.749718446601942,1.581000000000003,90.641,0.8619999999999948,0.7190000000000083
2025,Chinese Grand Prix,ALO,91.688,ALO,Chinese Grand Prix,0.48799999999999955,ALO,1.1108,0.48799999999999955,90.641,1.046999999999997,0.5589999999999975
2025,Chinese Grand Prix,ANT,91.103,,,,,,,90.641,0.4619999999999891,
2025,Chinese Grand Prix,BEA,92.018,,,,BEA,3.532333333333336,3.532333333333336,90.641,1.3769999999999953,2.1553333333333407
2025,Chinese Grand Prix,BOR,92.141,,,,,,,90.641,1.5,
2025,Chinese Grand Prix,DOO,92.092,,,,DOO,1.5100000000000051,1.5100000000000051,90.641,1.4509999999999934,0.05900000000001171
2025,Chinese Grand Prix,GAS,91.992,GAS,Chinese Grand Prix,1.5050000000000097,GAS,1.7837499999999997,1.5050000000000097,90.641,1.350999999999999,0.15400000000001057
2025,Chinese Grand Prix,HAD,91.079,,,,,,,90.641,0.4379999999999882,
2025,Chinese Grand Prix,HAM,90.927,HAM,Chinese Grand Prix,0.9679999999999964,HAM,0.6594803149606296,0.9679999999999964,90.641,0.28600000000000136,0.681999999999995
2025,Chinese Grand Prix,HUL,91.632,HUL,Chinese Grand Prix,1.1795000000000044,HUL,1.9244583333333343,1.1795000000000044,90.641,0.9909999999999997,0.18850000000000477
2025,Chinese Grand Prix,LAW,92.174,,,,LAW,2.5228181818181836,2.5228181818181836,90.641,1.5330000000000013,0.9898181818181824
2025,Chinese Grand Prix,LEC,91.021,LEC,Chinese Grand Prix,0.47350000000000136,LEC,0.7576015625000003,0.47350000000000136,90.641,0.37999999999999545,0.09350000000000591
2025,Chinese Grand Prix,NOR,90.787,NOR,Chinese Grand Prix,1.4625000000000057,NOR,1.0998046875000003,1.4625000000000057,90.641,0.1460000000000008,1.3165000000000049
2025,Chinese Grand Prix,OCO,91.625,OCO,Chinese Grand Prix,1.5630000000000024,OCO,1.7903238095238099,1.5630000000000024,90.641,0.9839999999999947,0.5790000000000077
2025,Chinese Grand Prix,PIA,90.641,PIA,Chinese Grand Prix,0.6129999999999995,PIA,0.7748913043478266,0.6129999999999995,90.641,0.0,0.6129999999999995
2025,Chinese Grand Prix,RUS,90.723,RUS,Chinese Grand Prix,2.2395000000000067,RUS,1.7283437499999998,2.2395000000000067,90.641,0.08199999999999363,2.157500000000013
2025,Chinese Grand Prix,SAI,91.628,SAI,Chinese Grand Prix,1.3064999999999998,SAI,0.9011746031746035,1.3064999999999998,90.641,0.9869999999999948,0.319500000000005
2025,Chinese Grand Prix,STR,91.773,STR,Chinese Grand Prix,1.961500000000001,STR,2.286904,1.961500000000001,90.641,1.1319999999999908,0.8295000000000101
2025,Chinese Grand Prix,TSU,91.238,TSU,Chinese Grand Prix,2.0859999999999985,TSU,1.9705172413793104,2.0859999999999985,90.641,0.5969999999999942,1.4890000000000043
2025,Chinese Grand Prix,VER,90.817,VER,Chinese Grand Prix,0.2710000000000008,VER,0.3226587301587303,0.2710000000000008,90.641,0.17599999999998772,0.09500000000001307
2025,Japanese Grand Prix,ALB,87.615,ALB,Japanese Grand Prix,1.4927500000000045,ALB,1.749718446601942,1.4927500000000045,86.983,0.6319999999999908,0.8607500000000137
2025,Japanese Grand Prix,ALO,87.897,ALO,Japanese Grand Prix,1.031666666666671,ALO,1.1108,1.031666666666671,86.983,0.9140000000000015,0.11766666666666947
2025,Japanese Grand Prix,ANT,87.555,,,,,,,86.983,0.5720000000000027,
2025,Japanese Grand Prix,BEA,87.711,,,,BEA,3.532333333333336,3.532333333333336,86.983,0.7279999999999944,2.8043333333333416
2025,Japanese Grand Prix,BOR,88.622,,,,,,,86.983,1.6389999999999958,
2025,Japanese Grand Prix,DOO,88.877,,,,DOO,1.5100000000000051,1.5100000000000051,86.983,1.8939999999999912,0.38399999999998613
2025,Japanese Grand Prix,GAS,87.822,GAS,Japanese Grand Prix,1.8217500000000015,GAS,1.7837499999999997,1.8217500000000015,86.983,0.8389999999999986,0.9827500000000029
2025,Japanese Grand Prix,HAD,87.569,,,,,,,86.983,0.5859999999999985,
2025,Japanese Grand Prix,HAM,87.61,HAM,Japanese Grand Prix,0.698750000000004,HAM,0.6594803149606296,0.698750000000004,86.983,0.6269999999999953,0.07175000000000864
2025,Japanese Grand Prix,HUL,88.57,HUL,Japanese Grand Prix,2.0913333333333384,HUL,1.9244583333333343,2.0913333333333384,86.983,1.586999999999989,0.5043333333333493
2025,Japanese Grand Prix,LAW,87.906,LAW,Japanese Grand Prix,1.5480000000000018,LAW,2.5228181818181836,1.5480000000000018,86.983,0.9230000000000018,0.625
2025,Japanese Grand Prix,LEC,87.299,LEC,Japanese Grand Prix,0.36325000000000074,LEC,0.7576015625000003,0.36325000000000074,86.983,0.3160000000000025,0.04724999999999824
2025,Japanese Grand Prix,NOR,86.995,NOR,Japanese Grand Prix,0.869250000000001,NOR,1.0998046875000003,0.869250000000001,86.983,0.012000000000000455,0.8572500000000005
2025,Japanese Grand Prix,OCO,88.696,OCO,Japanese Grand Prix,1.3946666666666705,OCO,1.7903238095238099,1.3946666666666705,86.983,1.7129999999999939,0.31833333333332337
2025,Japanese Grand Prix,PIA,87.027,PIA,Japanese Grand Prix,0.5720000000000027,PIA,0.7748913043478266,0.5720000000000027,86.983,0.04399999999999693,0.5280000000000058
2025,Japanese Grand Prix,RUS,87.318,RUS,Japanese Grand Prix,1.6344999999999992,RUS,1.7283437499999998,1.6344999999999992,86.983,0.33499999999999375,1.2995000000000054
2025,Japanese Grand Prix,SAI,87.836,SAI,Japanese Grand Prix,0.6887500000000024,SAI,0.9011746031746035,0.6887500000000024,86.983,0.8529999999999944,0.164249999999992
2025,Japanese Grand Prix,STR,89.271,STR,Japanese Grand Prix,2.1317500000000003,STR,2.286904,2.1317500000000003,86.983,2.2879999999999967,0.15624999999999645
2025,Japanese Grand Prix,TSU,87.967,TSU,Japanese Grand Prix,1.348999999999999,TSU,1.9705172413793104,1.348999999999999,86.983,0.9839999999999947,0.36500000000000443
2025,Japanese Grand Prix,VER,86.983,VER,Japanese Grand Prix,0.19675000000000153,VER,0.3226587301587303,0.19675000000000153,86.983,0.0,0.19675000000000153
2025,Bahrain Grand Prix,ALB,92.04,ALB,Bahrain Grand Prix,1.5144000000000006,ALB,1.749718446601942,1.5144000000000006,89.841,2.1990000000000123,0.6846000000000116
2025,Bahrain Grand Prix,ALO,91.634,ALO,Bahrain Grand Prix,0.8299999999999947,ALO,1.1108,0.8299999999999947,89.841,1.7930000000000064,0.9630000000000116
2025,Bahrain Grand Prix,ANT,90.213,,,,,,,89.841,0.3719999999999999,
2025,Bahrain Grand Prix,BEA,92.373,,,,BEA,3.532333333333336,3.532333333333336,89.841,2.5320000000000107,1.0003333333333253
2025,Bahrain Grand Prix,BOR,92.186,,,,,,,89.841,2.345000000000013,
2025,Bahrain Grand Prix,DOO,91.245,,,,DOO,1.5100000000000051,1.5100000000000051,89.841,1.4040000000000106,0.10599999999999454
2025,Bahrain Grand Prix,GAS,90.216,GAS,Bahrain Grand Prix,1.4981666666666626,GAS,1.7837499999999997,1.4981666666666626,89.841,0.375,1.1231666666666626
2025,Bahrain Grand Prix,HAD,91.271,,,,,,,89.841,1.4300000000000068,
2025,Bahrain Grand Prix,HAM,90.772,HAM,Bahrain Grand Prix,0.40383333333333127,HAM,0.6594803149606296,0.40383333333333127,89.841,0.9310000000000116,0.5271666666666803
2025,Bahrain Grand Prix,HUL,91.693,HUL,Bahrain Grand Prix,1.543499999999998,HUL,1.9244583333333343,1.543499999999998,89.841,1.8520000000000039,0.30850000000000577
2025,Bahrain Grand Prix,LAW,92.165,,,,LAW,2.5228181818181836,2.5228181818181836,89.841,2.3240000000000123,0.19881818181817135
2025,Bahrain Grand Prix,LEC,90.175,LEC,Bahrain Grand Prix,0.47433333333333394,LEC,0.7576015625000003,0.47433333333333394,89.841,0.3340000000000032,0.14033333333333076
2025,Bahrain Grand Prix,NOR,90.267,NOR,Bahrain Grand Prix,1.1673333333333342,NOR,1.0998046875000003,1.1673333333333342,89.841,0.42600000000000193,0.7413333333333323
2025,Bahrain Grand Prix,OCO,91.594,OCO,Bahrain Grand Prix,1.5879999999999996,OCO,1.7903238095238099,1.5879999999999996,89.841,1.7530000000000001,0.16500000000000048
2025,Bahrain Grand Prix,PIA,89.841,PIA,Bahrain Grand Prix,1.4555000000000007,PIA,0.7748913043478266,1.4555000000000007,89.841,0.0,1.4555000000000007
2025,Bahrain Grand Prix,RUS,90.009,RUS,Bahrain Grand Prix,1.6479999999999986,RUS,1.7283437499999998,1.6479999999999986,89.841,0.16800000000000637,1.4799999999999922
2025,Bahrain Grand Prix,SAI,90.68,SAI,Bahrain Grand Prix,0.7644999999999982,SAI,0.9011746031746035,0.7644999999999982,89.841,0.8390000000000128,0.07450000000001467
2025,Bahrain Grand Prix,STR,92.283,STR,Bahrain Grand Prix,1.6286666666666652,STR,2.286904,1.6286666666666652,89.841,2.4420000000000073,0.8133333333333421
2025,Bahrain Grand Prix,TSU,91.228,TSU,Bahrain Grand Prix,1.6144999999999996,TSU,1.9705172413793104,1.6144999999999996,89.841,1.3870000000000005,0.22749999999999915
2025,Bahrain Grand Prix,VER,90.423,VER,Bahrain Grand Prix,0.23949999999999724,VER,0.3226587301587303,0.23949999999999724,89.841,0.5820000000000078,0.3425000000000106
2025,Saudi Arabian Grand Prix,ALB,88.109,ALB,Saudi Arabian Grand Prix,1.8430000000000035,ALB,1.749718446601942,1.8430000000000035,87.294,0.8149999999999977,1.0280000000000058
2025,Saudi Arabian Grand Prix,ALO,88.303,ALO,Saudi Arabian Grand Prix,0.7987500000000054,ALO,1.1108,0.7987500000000054,87.294,1.0090000000000003,0.21024999999999494
2025,Saudi Arabian Grand Prix,ANT,87.798,,,,,,,87.294,0.5040000000000049,
2025,Saudi Arabian Grand Prix,BEA,88.536,BEA,Saudi Arabian Grand Prix,1.1700000000000017,BEA,3.532333333333336,1.1700000000000017,87.294,1.2420000000000044,0.07200000000000273
2025,Saudi Arabian Grand Prix,BOR,89.462,,,,,,,87.294,2.1680000000000064,
2025,Saudi Arabian Grand Prix,DOO,88.739,,,,DOO,1.5100000000000051,1.5100000000000051,87.294,1.4450000000000074,0.06499999999999773
2025,Saudi Arabian Grand Prix,GAS,88.025,GAS,Saudi Arabian Grand Prix,1.1917500000000025,GAS,1.7837499999999997,1.1917500000000025,87.294,0.7310000000000088,0.4607499999999938
2025,Saudi Arabian Grand Prix,HAD,88.418,,,,,,,87.294,1.1240000000000094,
2025,Saudi Arabian Grand Prix,HAM,88.102,HAM,Saudi Arabian Grand Prix,1.0222499999999997,HAM,0.6594803149606296,1.0222499999999997,87.294,0.8080000000000069,0.21424999999999272
2025,Saudi Arabian Grand Prix,HUL,88.782,HUL,Saudi Arabian Grand Prix,1.704000000000003,HUL,1.9244583333333343,1.704000000000003,87.294,1.4879999999999995,0.21600000000000352
2025,Saudi Arabian Grand Prix,LAW,88.191,,,,LAW,2.5228181818181836,2.5228181818181836,87.294,0.8970000000000056,1.625818181818178
2025,Saudi Arabian Grand Prix,LEC,87.67,LEC,Saudi Arabian Grand Prix,0.2605000000000004,LEC,0.7576015625000003,0.2605000000000004,87.294,0.3760000000000048,0.11550000000000438
2025,Saudi Arabian Grand Prix,NOR,87.481,NOR,Saudi Arabian Grand Prix,1.2405000000000044,NOR,1.0998046875000003,1.2405000000000044,87.294,0.1869999999999976,1.0535000000000068
2025,Saudi Arabian Grand Prix,OCO,89.092,OCO,Saudi Arabian Grand Prix,1.18675,OCO,1.7903238095238099,1.18675,87.294,1.7980000000000018,0.6112500000000018
2025,Saudi Arabian Grand Prix,PIA,87.304,PIA,Saudi Arabian Grand Prix,0.7974999999999994,PIA,0.7748913043478266,0.7974999999999994,87.294,0.010000000000005116,0.7874999999999943
2025,Saudi Arabian Grand Prix,RUS,87.407,RUS,Saudi Arabian Grand Prix,0.9387500000000024,RUS,1.7283437499999998,0.9387500000000024,87.294,0.11299999999999955,0.8257500000000029
2025,Saudi Arabian Grand Prix,SAI,88.024,SAI,Saudi Arabian Grand Prix,0.5313333333333313,SAI,0.9011746031746035,0.5313333333333313,87.294,0.730000000000004,0.19866666666667265
2025,Saudi Arabian Grand Prix,STR,88.645,STR,Saudi Arabian Grand Prix,1.3427499999999988,STR,2.286904,1.3427499999999988,87.294,1.350999999999999,0.008250000000000313
2025,Saudi Arabian Grand Prix,TSU,87.99,TSU,Saudi Arabian Grand Prix,1.1533333333333313,TSU,1.9705172413793104,1.1533333333333313,87.294,0.695999999999998,0.45733333333333337
2025,Saudi Arabian Grand Prix,VER,87.294,VER,Saudi Arabian Grand Prix,0.22475000000000023,VER,0.3226587301587303,0.22475000000000023,87.294,0.0,0.22475000000000023
2025,Miami Grand Prix,ALB,86.682,ALB,Miami Grand Prix,1.5176666666666705,ALB,1.749718446601942,1.5176666666666705,86.204,0.47800000000000864,1.0396666666666619
2025,Miami Grand Prix,ALO,87.604,ALO,Miami Grand Prix,0.9443333333333328,ALO,1.1108,0.9443333333333328,86.204,1.4000000000000057,0.4556666666666729
2025,Miami Grand Prix,ANT,86.271,,,,,,,86.204,0.06700000000000728,
2025,Miami Grand Prix,BEA,87.999,,,,BEA,3.532333333333336,3.532333333333336,86.204,1.7950000000000017,1.7373333333333343
2025,Miami Grand Prix,BOR,87.151,,,,,,,86.204,0.9470000000000027,
2025,Miami Grand Prix,DOO,87.186,,,,DOO,1.5100000000000051,1.5100000000000051,86.204,0.9820000000000135,0.5279999999999916
2025,Miami Grand Prix,GAS,87.71,GAS,Miami Grand Prix,0.8089999999999975,GAS,1.7837499999999997,0.8089999999999975,86.204,1.5060000000000002,0.6970000000000027
2025,Miami Grand Prix,HAD,86.987,,,,,,,86.204,0.7830000000000013,
2025,Miami Grand Prix,HAM,87.006,HAM,Miami Grand Prix,0.7723333333333358,HAM,0.6594803149606296,0.7723333333333358,86.204,0.8020000000000067,0.02966666666667095
2025,Miami Grand Prix,HUL,87.473,HUL,Miami Grand Prix,0.997000000000007,HUL,1.9244583333333343,0.997000000000007,86.204,1.2690000000000055,0.27199999999999847
2025,Miami Grand Prix,LAW,87.363,,,,LAW,2.5228181818181836,2.5228181818181836,86.204,1.159000000000006,1.3638181818181776
2025,Miami Grand Prix,LEC,86.754,LEC,Miami Grand Prix,0.09700000000000368,LEC,0.7576015625000003,0.09700000000000368,86.204,0.5500000000000114,0.4530000000000077
2025,Miami Grand Prix,NOR,86.269,NOR,Miami Grand Prix,0.923666666666667,NOR,1.0998046875000003,0.923666666666667,86.204,0.06500000000001194,0.858666666666655
2025,Miami Grand Prix,OCO,86.824,OCO,Miami Grand Prix,0.7990000000000066,OCO,1.7903238095238099,0.7990000000000066,86.204,0.6200000000000045,0.17900000000000205
2025,Miami Grand Prix,PIA,86.269,PIA,Miami Grand Prix,1.0519999999999996,PIA,0.7748913043478266,1.0519999999999996,86.204,0.06500000000001194,0.9869999999999877
2025,Miami Grand Prix,RUS,86.385,RUS,Miami Grand Prix,1.043999999999997,RUS,1.7283437499999998,1.043999999999997,86.204,0.1810000000000116,0.8629999999999853
2025,Miami Grand Prix,SAI,86.569,SAI,Miami Grand Prix,0.24599999999999986,SAI,0.9011746031746035,0.24599999999999986,86.204,0.3650000000000091,0.11900000000000924
2025,Miami Grand Prix,STR,87.83,STR,Miami Grand Prix,1.2660000000000007,STR,2.286904,1.2660000000000007,86.204,1.6260000000000048,0.3600000000000041
2025,Miami Grand Prix,TSU,86.943,TSU,Miami Grand Prix,1.225666666666669,TSU,1.9705172413793104,1.225666666666669,86.204,0.7390000000000043,0.4866666666666646
2025,Miami Grand Prix,VER,86.204,VER,Miami Grand Prix,0.06499999999999773,VER,0.3226587301587303,0.06499999999999773,86.204,0.0,0.06499999999999773
2025,Emilia Romagna Grand Prix,ALB,75.473,ALB,Emilia Romagna Grand Prix,1.208500000000008,ALB,1.749718446601942,1.208500000000008,74.67,0.8029999999999973,0.40550000000001063
2025,Emilia Romagna Grand Prix,ALO,75.431,ALO,Emilia Romagna Grand Prix,1.3850000000000005,ALO,1.1108,1.3850000000000005,74.67,0.7609999999999957,0.6240000000000048
2025,Emilia Romagna Grand Prix,ANT,75.772,,,,,,,74.67,1.1020000000000039,
2025,Emilia Romagna Grand Prix,BEA,76.077,,,,BEA,3.532333333333336,3.532333333333336,74.67,1.4069999999999965,2.1253333333333395
2025,Emilia Romagna Grand Prix,BOR,76.26,,,,,,,74.67,1.5900000000000034,
2025,Emilia Romagna Grand Prix,COL,76.256,,,,COL,2.2035555555555564,2.2035555555555564,74.67,1.5859999999999985,0.6175555555555579
2025,Emilia Romagna Grand Prix,GAS,75.505,GAS,Emilia Romagna Grand Prix,1.120000000000001,GAS,1.7837499999999997,1.120000000000001,74.67,0.8349999999999937,0.28500000000000725
2025,Emilia Romagna Grand Prix,HAD,75.51,,,,,,,74.67,0.8400000000000034,
2025,Emilia Romagna Grand Prix,HAM,75.765,HAM,Emilia Romagna Grand Prix,0.6330000000000027,HAM,0.6594803149606296,0.6330000000000027,74.67,1.0949999999999989,0.4619999999999962
2025,Emilia Romagna Grand Prix,HUL,76.518,HUL,Emilia Romagna Grand Prix,0.8230000000000075,HUL,1.9244583333333343,0.8230000000000075,74.67,1.847999999999999,1.0249999999999915
2025,Emilia Romagna Grand Prix,LAW,76.379,,,,LAW,2.5228181818181836,2.5228181818181836,74.67,1.7090000000000032,0.8138181818181804
2025,Emilia Romagna Grand Prix,LEC,75.604,LEC,Emilia Romagna Grand Prix,0.3907500000000006,LEC,0.7576015625000003,0.3907500000000006,74.67,0.9339999999999975,0.5432499999999969
2025,Emilia Romagna Grand Prix,NOR,74.962,NOR,Emilia Romagna Grand Prix,0.5259999999999998,NOR,1.0998046875000003,0.5259999999999998,74.67,0.2920000000000016,0.2339999999999982
2025,Emilia Romagna Grand Prix,OCO,76.613,OCO,Emilia Romagna Grand Prix,1.75075,OCO,1.7903238095238099,1.75075,74.67,1.9429999999999978,0.1922499999999978
2025,Emilia Romagna Grand Prix,PIA,74.67,PIA,Emilia Romagna Grand Prix,0.07399999999999807,PIA,0.7748913043478266,0.07399999999999807,74.67,0.0,0.07399999999999807
2025,Emilia Romagna Grand Prix,RUS,74.807,RUS,Emilia Romagna Grand Prix,1.1604999999999954,RUS,1.7283437499999998,1.1604999999999954,74.67,0.13700000000000045,1.023499999999995
2025,Emilia Romagna Grand Prix,SAI,75.198,SAI,Emilia Romagna Grand Prix,0.6935000000000002,SAI,0.9011746031746035,0.6935000000000002,74.67,0.5279999999999916,0.16550000000000864
2025,Emilia Romagna Grand Prix,STR,75.497,STR,Emilia Romagna Grand Prix,1.3517500000000027,STR,2.286904,1.3517500000000027,74.67,0.8269999999999982,0.5247500000000045
2025,Emilia Romagna Grand Prix,VER,74.704,VER,Emilia Romagna Grand Prix,0.16350000000000264,VER,0.3226587301587303,0.16350000000000264,74.67,0.033999999999991815,0.12950000000001083
2025,Monaco Grand Prix,ALB,70.732,ALB,Monaco Grand Prix,1.334500000000002,ALB,1.749718446601942,1.334500000000002,69.954,0.7780000000000058,0.5564999999999962
2025,Monaco Grand Prix,ALO,70.924,ALO,Monaco Grand Prix,1.1407500000000006,ALO,1.1108,1.1407500000000006,69.954,0.9700000000000131,0.17074999999998752
2025,Monaco Grand Prix,ANT,71.88,,,,,,,69.954,1.926000000000002,
2025,Monaco Grand Prix,BEA,71.979,,,,BEA,3.532333333333336,3.532333333333336,69.954,2.0250000000000057,1.5073333333333303
2025,Monaco Grand Prix,BOR,71.902,,,,,,,69.954,1.9480000000000075,
2025,Monaco Grand Prix,COL,72.597,,,,COL,2.2035555555555564,2.2035555555555564,69.954,2.6430000000000007,0.4394444444444443
2025,Monaco Grand Prix,GAS,71.994,GAS,Monaco Grand Prix,0.9814000000000022,GAS,1.7837499999999997,0.9814000000000022,69.954,2.0400000000000063,1.0586000000000042
2025,Monaco Grand Prix,HAD,70.923,,,,,,,69.954,0.9690000000000083,
2025,Monaco Grand Prix,HAM,70.382,HAM,Monaco Grand Prix,0.5287999999999983,HAM,0.6594803149606296,0.5287999999999983,69.954,0.4280000000000115,0.10079999999998679
2025,Monaco Grand Prix,HUL,71.596,HUL,Monaco Grand Prix,1.529333333333336,HUL,1.9244583333333343,1.529333333333336,69.954,1.6420000000000101,0.11266666666667402
2025,Monaco Grand Prix,LAW,71.129,,,,LAW,2.5228181818181836,2.5228181818181836,69.954,1.1750000000000114,1.3478181818181723
2025,Monaco Grand Prix,LEC,70.063,LEC,Monaco Grand Prix,0.41780000000000256,LEC,0.7576015625000003,0.41780000000000256,69.954,0.10900000000000887,0.3087999999999937
2025,Monaco Grand Prix,NOR,69.954,NOR,Monaco Grand Prix,0.6932000000000045,NOR,1.0998046875000003,0.6932000000000045,69.954,0.0,0.6932000000000045
2025,Monaco Grand Prix,OCO,70.942,OCO,Monaco Grand Prix,0.8737500000000011,OCO,1.7903238095238099,0.8737500000000011,69.954,0.9879999999999995,0.11424999999999841
2025,Monaco Grand Prix,PIA,70.129,PIA,Monaco Grand Prix,0.5920000000000059,PIA,0.7748913043478266,0.5920000000000059,69.954,0.17500000000001137,0.4169999999999945
2025,Monaco Grand Prix,RUS,71.507,RUS,Monaco Grand Prix,1.280600000000001,RUS,1.7283437499999998,1.280600000000001,69.954,1.5530000000000115,0.2724000000000104
2025,Monaco Grand Prix,SAI,71.362,SAI,Monaco Grand Prix,0.450800000000001,SAI,0.9011746031746035,0.450800000000001,69.954,1.4080000000000013,0.9572000000000003
2025,Monaco Grand Prix,STR,72.563,STR,Monaco Grand Prix,1.7574000000000012,STR,2.286904,1.7574000000000012,69.954,2.609000000000009,0.8516000000000077
2025,Monaco Grand Prix,TSU,71.415,TSU,Monaco Grand Prix,1.1189999999999998,TSU,1.9705172413793104,1.1189999999999998,69.954,1.4610000000000127,0.34200000000001296
2025,Monaco Grand Prix,VER,70.669,VER,Monaco Grand Prix,0.2537999999999954,VER,0.3226587301587303,0.2537999999999954,69.954,0.7150000000000034,0.461200000000008
2025,Spanish Grand Prix,ALB,72.641,ALB,Spanish Grand Prix,1.9879999999999967,ALB,1.749718446601942,1.9879999999999967,71.546,1.0949999999999989,0.8929999999999978
2025,Spanish Grand Prix,ALO,72.284,ALO,Spanish Grand Prix,1.2722499999999997,ALO,1.1108,1.2722499999999997,71.546,0.7379999999999995,0.5342500000000001
2025,Spanish Grand Prix,ANT,72.111,,,,,,,71.546,0.5649999999999977,
2025,Spanish Grand Prix,BEA,73.074,,,,BEA,3.532333333333336,3.532333333333336,71.546,1.5279999999999916,2.0043333333333444
2025,Spanish Grand Prix,BOR,72.756,,,,,,,71.546,1.2099999999999937,
2025,Spanish Grand Prix,COL,73.334,,,,COL,2.2035555555555564,2.2035555555555564,71.546,1.7879999999999967,0.4155555555555597
2025,Spanish Grand Prix,GAS,72.199,GAS,Spanish Grand Prix,1.12433333333333,GAS,1.7837499999999997,1.12433333333333,71.546,0.6529999999999916,0.4713333333333385
2025,Spanish Grand Prix,HAD,72.252,,,,,,,71.546,0.7059999999999889,
2025,Spanish Grand Prix,HAM,72.045,HAM,Spanish Grand Prix,0.37633333333333024,HAM,0.6594803149606296,0.37633333333333024,71.546,0.4989999999999952,0.12266666666666498
2025,Spanish Grand Prix,HUL,73.19,HUL,Spanish Grand Prix,1.6273333333333302,HUL,1.9244583333333343,1.6273333333333302,71.546,1.6439999999999912,0.016666666666661056
2025,Spanish Grand Prix,LAW,72.763,,,,LAW,2.5228181818181836,2.5228181818181836,71.546,1.2169999999999987,1.3058181818181849
2025,Spanish Grand Prix,LEC,72.131,LEC,Spanish Grand Prix,0.9124999999999966,LEC,0.7576015625000003,0.9124999999999966,71.546,0.5849999999999937,0.3275000000000029
2025,Spanish Grand Prix,NOR,71.755,NOR,Spanish Grand Prix,1.1019999999999968,NOR,1.0998046875000003,1.1019999999999968,71.546,0.20899999999998897,0.8930000000000078
2025,Spanish Grand Prix,OCO,73.201,OCO,Spanish Grand Prix,1.2329999999999983,OCO,1.7903238095238099,1.2329999999999983,71.546,1.654999999999987,0.4219999999999886
2025,Spanish Grand Prix,PIA,71.546,PIA,Spanish Grand Prix,0.707499999999996,PIA,0.7748913043478266,0.707499999999996,71.546,0.0,0.707499999999996
2025,Spanish Grand Prix,RUS,71.848,RUS,Spanish Grand Prix,1.6503333333333312,RUS,1.7283437499999998,1.6503333333333312,71.546,0.3019999999999925,1.3483333333333387
2025,Spanish Grand Prix,SAI,73.203,SAI,Spanish Grand Prix,0.9324999999999998,SAI,0.9011746031746035,0.9324999999999998,71.546,1.6569999999999965,0.7244999999999967
2025,Spanish Grand Prix,STR,73.038,STR,Spanish Grand Prix,1.613666666666667,STR,2.286904,1.613666666666667,71.546,1.4919999999999902,0.1216666666666768
2025,Spanish Grand Prix,TSU,73.385,TSU,Spanish Grand Prix,1.7239999999999966,TSU,1.9705172413793104,1.7239999999999966,71.546,1.8389999999999986,0.11500000000000199
2025,Spanish Grand Prix,VER,71.848,VER,Spanish Grand Prix,0.3396666666666661,VER,0.3226587301587303,0.3396666666666661,71.546,0.3019999999999925,0.03766666666667362
2025,Canadian Grand Prix,ALB,71.892,ALB,Canadian Grand Prix,2.0204999999999984,ALB,1.749718446601942,2.0204999999999984,70.899,0.992999999999995,1.0275000000000034
2025,Canadian Grand Prix,ALO,71.586,ALO,Canadian Grand Prix,0.7273333333333293,ALO,1.1108,0.7273333333333293,70.899,0.6869999999999976,0.04033333333333167
2025,Canadian Grand Prix,ANT,71.391,,,,,,,70.899,0.49200000000000443,
2025,Canadian Grand Prix,BEA,72.306,,,,BEA,3.532333333333336,3.532333333333336,70.899,1.4069999999999965,2.1253333333333395
2025,Canadian Grand Prix,BOR,72.385,,,,,,,70.899,1.4860000000000042,
2025,Canadian Grand Prix,COL,72.142,,,,COL,2.2035555555555564,2.2035555555555564,70.899,1.242999999999995,0.9605555555555614
2025,Canadian Grand Prix,GAS,72.667,GAS,Canadian Grand Prix,4.847749999999998,GAS,1.7837499999999997,4.847749999999998,70.899,1.7680000000000007,3.079749999999997
2025,Canadian Grand Prix,HAD,71.867,,,,,,,70.899,0.9680000000000035,
2025,Canadian Grand Prix,HAM,71.526,HAM,Canadian Grand Prix,0.934000000000001,HAM,0.6594803149606296,0.934000000000001,70.899,0.6269999999999953,0.3070000000000057
2025,Canadian Grand Prix,HUL,72.183,HUL,Canadian Grand Prix,1.6333333333333353,HUL,1.9244583333333343,1.6333333333333353,70.899,1.284000000000006,0.3493333333333293
2025,Canadian Grand Prix,LAW,72.525,,,,LAW,2.5228181818181836,2.5228181818181836,70.899,1.6260000000000048,0.8968181818181789
2025,Canadian Grand Prix,LEC,71.626,LEC,Canadian Grand Prix,3.8069999999999986,LEC,0.7576015625000003,3.8069999999999986,70.899,0.7270000000000039,3.0799999999999947
2025,Canadian Grand Prix,NOR,71.599,NOR,Canadian Grand Prix,3.790749999999999,NOR,1.0998046875000003,3.790749999999999,70.899,0.7000000000000028,3.0907499999999963
2025,Canadian Grand Prix,OCO,72.378,OCO,Canadian Grand Prix,1.8679999999999997,OCO,1.7903238095238099,1.8679999999999997,70.899,1.4789999999999992,0.38900000000000046
2025,Canadian Grand Prix,PIA,71.12,PIA,Canadian Grand Prix,0.6475000000000009,PIA,0.7748913043478266,0.6475000000000009,70.899,0.22100000000000364,0.4264999999999972
2025,Canadian Grand Prix,RUS,70.899,RUS,Canadian Grand Prix,1.7520000000000024,RUS,1.7283437499999998,1.7520000000000024,70.899,0.0,1.7520000000000024
2025,Canadian Grand Prix,SAI,72.398,SAI,Canadian Grand Prix,1.0614999999999988,SAI,0.9011746031746035,1.0614999999999988,70.899,1.4989999999999952,0.43749999999999645
2025,Canadian Grand Prix,STR,72.517,STR,Canadian Grand Prix,4.983750000000001,STR,2.286904,4.983750000000001,70.899,1.617999999999995,3.3657500000000056
2025,Canadian Grand Prix,TSU,72.102,TSU,Canadian Grand Prix,6.61933333333333,TSU,1.9705172413793104,6.61933333333333,70.899,1.203000000000003,5.416333333333327
2025,Canadian Grand Prix,VER,71.059,VER,Canadian Grand Prix,0.5010000000000012,VER,0.3226587301587303,0.5010000000000012,70.899,0.1599999999999966,0.34100000000000463
2025,Austrian Grand Prix,ALB,65.143,ALB,Austrian Grand Prix,1.2266000000000048,ALB,1.749718446601942,1.2266000000000048,63.971,1.1720000000000041,0.05460000000000065
2025,Austrian Grand Prix,ALO,65.128,ALO,Austrian Grand Prix,0.9072500000000012,ALO,1.1108,0.9072500000000012,63.971,1.1570000000000036,0.24975000000000236
2025,Austrian Grand Prix,ANT,65.052,,,,,,,63.971,1.0810000000000102,
2025,Austrian Grand Prix,BEA,65.218,,,,BEA,3.532333333333336,3.532333333333336,63.971,1.247000000000007,2.285333333333329
2025,Austrian Grand Prix,BOR,64.846,,,,,,,63.971,0.8750000000000071,
2025,Austrian Grand Prix,COL,65.278,,,,COL,2.2035555555555564,2.2035555555555564,63.971,1.3070000000000093,0.8965555555555471
2025,Austrian Grand Prix,GAS,64.846,GAS,Austrian Grand Prix,0.9563333333333345,GAS,1.7837499999999997,0.9563333333333345,63.971,0.8750000000000071,0.08133333333332737
2025,Austrian Grand Prix,HAD,65.063,,,,,,,63.971,1.0920000000000059,
2025,Austrian Grand Prix,HAM,64.582,HAM,Austrian Grand Prix,0.34550000000000125,HAM,0.6594803149606296,0.34550000000000125,63.971,0.6109999999999971,0.26549999999999585
2025,Austrian Grand Prix,HUL,65.606,HUL,Austrian Grand Prix,1.053333333333337,HUL,1.9244583333333343,1.053333333333337,63.971,1.634999999999998,0.581666666666661
2025,Austrian Grand Prix,LAW,64.926,,,,LAW,2.5228181818181836,2.5228181818181836,63.971,0.9550000000000054,1.5678181818181782
2025,Austrian Grand Prix,LEC,64.492,LEC,Austrian Grand Prix,0.44516666666666654,LEC,0.7576015625000003,0.44516666666666654,63.971,0.5210000000000079,0.07583333333334136
2025,Austrian Grand Prix,NOR,63.971,NOR,Austrian Grand Prix,0.6413333333333355,NOR,1.0998046875000003,0.6413333333333355,63.971,0.0,0.6413333333333355
2025,Austrian Grand Prix,OCO,65.364,OCO,Austrian Grand Prix,1.1598000000000028,OCO,1.7903238095238099,1.1598000000000028,63.971,1.3930000000000078,0.23320000000000496
2025,Austrian Grand Prix,PIA,64.554,PIA,Austrian Grand Prix,0.9740000000000038,PIA,0.7748913043478266,0.9740000000000038,63.971,0.5830000000000055,0.39099999999999824
2025,Austrian Grand Prix,RUS,64.763,RUS,Austrian Grand Prix,1.3286666666666669,RUS,1.7283437499999998,1.3286666666666669,63.971,0.7920000000000087,0.5366666666666582
2025,Austrian Grand Prix,SAI,65.582,SAI,Austrian Grand Prix,0.6883333333333349,SAI,0.9011746031746035,0.6883333333333349,63.971,1.610999999999997,0.9226666666666622
2025,Austrian Grand Prix,STR,65.329,STR,Austrian Grand Prix,1.256999999999999,STR,2.286904,1.256999999999999,63.971,1.357999999999997,0.10099999999999798
2025,Austrian Grand Prix,TSU,65.369,TSU,Austrian Grand Prix,1.1307500000000026,TSU,1.9705172413793104,1.1307500000000026,63.971,1.3980000000000032,0.26725000000000065
2025,Austrian Grand Prix,VER,64.836,VER,Austrian Grand Prix,0.16233333333333277,VER,0.3226587301587303,0.16233333333333277,63.971,0.865000000000002,0.7026666666666692
2025,British Grand Prix,ALB,85.889,ALB,British Grand Prix,1.6147999999999996,ALB,1.749718446601942,1.6147999999999996,84.892,0.9969999999999999,0.6177999999999997
2025,British Grand Prix,ALO,85.593,ALO,British Grand Prix,1.3852500000000028,ALO,1.1108,1.3852500000000028,84.892,0.7010000000000076,0.6842499999999951
2025,British Grand Prix,ANT,85.374,,,,,,,84.892,0.4819999999999993,
2025,British Grand Prix,BEA,85.471,,,,BEA,3.532333333333336,3.532333333333336,84.892,0.5790000000000077,2.9533333333333283
2025,British Grand Prix,BOR,86.446,,,,,,,84.892,1.554000000000002,
2025,British Grand Prix,COL,87.06,,,,COL,2.2035555555555564,2.2035555555555564,84.892,2.1680000000000064,0.03555555555555001
2025,British Grand Prix,GAS,85.711,GAS,British Grand Prix,3.548666666666667,GAS,1.7837499999999997,3.548666666666667,84.892,0.8190000000000026,2.7296666666666645
2025,British Grand Prix,HAD,85.864,,,,,,,84.892,0.9720000000000084,
2025,British Grand Prix,HAM,85.084,HAM,British Grand Prix,0.32783333333333076,HAM,0.6594803149606296,0.32783333333333076,84.892,0.19200000000000728,0.13583333333332348
2025,British Grand Prix,HUL,86.574,HUL,British Grand Prix,1.5029999999999966,HUL,1.9244583333333343,1.5029999999999966,84.892,1.6820000000000022,0.1790000000000056
2025,British Grand Prix,LAW,86.44,,,,LAW,2.5228181818181836,2.5228181818181836,84.892,1.5480000000000018,0.9748181818181818
2025,British Grand Prix,LEC,85.121,LEC,British Grand Prix,0.7364999999999995,LEC,0.7576015625000003,0.7364999999999995,84.892,0.2289999999999992,0.5075000000000003
2025,British Grand Prix,NOR,85.01,NOR,British Grand Prix,1.0294999999999987,NOR,1.0998046875000003,1.0294999999999987,84.892,0.11800000000000921,0.9114999999999895
2025,British Grand Prix,OCO,85.95,OCO,British Grand Prix,3.359600000000003,OCO,1.7903238095238099,3.359600000000003,84.892,1.058000000000007,2.301599999999996
2025,British Grand Prix,PIA,84.995,PIA,British Grand Prix,0.394999999999996,PIA,0.7748913043478266,0.394999999999996,84.892,0.10300000000000864,0.2919999999999874
2025,British Grand Prix,RUS,85.029,RUS,British Grand Prix,1.2345000000000017,RUS,1.7283437499999998,1.2345000000000017,84.892,0.13700000000000045,1.0975000000000013
2025,British Grand Prix,SAI,85.746,SAI,British Grand Prix,0.962666666666666,SAI,0.9011746031746035,0.962666666666666,84.892,0.8539999999999992,0.1086666666666668
2025,British Grand Prix,STR,86.504,STR,British Grand Prix,2.021500000000001,STR,2.286904,2.021500000000001,84.892,1.612000000000009,0.409499999999992
2025,British Grand Prix,TSU,85.826,TSU,British Grand Prix,2.384750000000004,TSU,1.9705172413793104,2.384750000000004,84.892,0.9339999999999975,1.4507500000000064
2025,British Grand Prix,VER,84.892,VER,British Grand Prix,0.2958333333333343,VER,0.3226587301587303,0.2958333333333343,84.892,0.0,0.2958333333333343
2025,Belgian Grand Prix,ALB,101.201,ALB,Belgian Grand Prix,4.283399999999995,ALB,1.749718446601942,4.283399999999995,100.562,0.6389999999999958,3.644399999999999
2025,Belgian Grand Prix,ALO,102.385,ALO,Belgian Grand Prix,1.664249999999992,ALO,1.1108,1.664249999999992,100.562,1.8230000000000075,0.1587500000000155
2025,Belgian Grand Prix,ANT,102.139,,,,,,,100.562,1.5769999999999982,
2025,Belgian Grand Prix,BEA,101.617,,,,BEA,3.532333333333336,3.532333333333336,100.562,1.0550000000000068,2.477333333333329
2025,Belgian Grand Prix,BOR,101.336,,,,,,,100.562,0.7740000000000009,
2025,Belgian Grand Prix,COL,102.022,,,,COL,2.2035555555555564,2.2035555555555564,100.562,1.460000000000008,0.7435555555555484
2025,Belgian Grand Prix,GAS,101.633,GAS,Belgian Grand Prix,2.8274999999999983,GAS,1.7837499999999997,2.8274999999999983,100.562,1.070999999999998,1.7565000000000004
2025,Belgian Grand Prix,HAD,101.281,,,,,,,100.562,0.7190000000000083,
2025,Belgian Grand Prix,HAM,101.664,HAM,Belgian Grand Prix,0.7194999999999941,HAM,0.6594803149606296,0.7194999999999941,100.562,1.1020000000000039,0.3825000000000097
2025,Belgian Grand Prix,HUL,101.707,HUL,Belgian Grand Prix,7.389999999999996,HUL,1.9244583333333343,7.389999999999996,100.562,1.144999999999996,6.245
2025,Belgian Grand Prix,LAW,101.297,,,,LAW,2.5228181818181836,2.5228181818181836,100.562,0.7349999999999994,1.7878181818181842
2025,Belgian Grand Prix,LEC,100.9,LEC,Belgian Grand Prix,0.9568333333333309,LEC,0.7576015625000003,0.9568333333333309,100.562,0.33800000000000807,0.6188333333333228
2025,Belgian Grand Prix,NOR,100.562,NOR,Belgian Grand Prix,1.3323333333333263,NOR,1.0998046875000003,1.3323333333333263,100.562,0.0,1.3323333333333263
2025,Belgian Grand Prix,OCO,101.525,OCO,Belgian Grand Prix,3.0985999999999962,OCO,1.7903238095238099,3.0985999999999962,100.562,0.9630000000000081,2.135599999999988
2025,Belgian Grand Prix,PIA,100.626,PIA,Belgian Grand Prix,1.0324999999999918,PIA,0.7748913043478266,1.0324999999999918,100.562,0.06400000000000716,0.9684999999999846
2025,Belgian Grand Prix,RUS,101.254,RUS,Belgian Grand Prix,2.089833333333331,RUS,1.7283437499999998,2.089833333333331,100.562,0.6920000000000073,1.397833333333324
2025,Belgian Grand Prix,SAI,101.691,SAI,Belgian Grand Prix,1.6424999999999959,SAI,0.9011746031746035,1.6424999999999959,100.562,1.1290000000000049,0.513499999999991
2025,Belgian Grand Prix,STR,102.502,STR,Belgian Grand Prix,2.2989999999999924,STR,2.286904,2.2989999999999924,100.562,1.9399999999999977,0.35899999999999466
2025,Belgian Grand Prix,TSU,101.245,TSU,Belgian Grand Prix,4.957249999999991,TSU,1.9705172413793104,4.957249999999991,100.562,0.6830000000000069,4.274249999999984
2025,Belgian Grand Prix,VER,100.903,VER,Belgian Grand Prix,0.3718333333333324,VER,0.3226587301587303,0.3718333333333324,100.562,0.3410000000000082,0.03083333333332422
2025,Hungarian Grand Prix,ALB,76.223,ALB,Hungarian Grand Prix,1.954400000000001,ALB,1.749718446601942,1.954400000000001,74.89,1.3329999999999984,0.6214000000000026
2025,Hungarian Grand Prix,ALO,75.281,ALO,Hungarian Grand Prix,0.7227500000000013,ALO,1.1108,0.7227500000000013,74.89,0.39100000000000534,0.331749999999996
2025,Hungarian Grand Prix,ANT,75.693,,,,,,,74.89,0.8029999999999973,
2025,Hungarian Grand Prix,BEA,75.694,,,,BEA,3.532333333333336,3.532333333333336,74.89,0.804000000000002,2.728333333333334
2025,Hungarian Grand Prix,BOR,75.586,,,,,,,74.89,0.695999999999998,
2025,Hungarian Grand Prix,COL,75.875,,,,COL,2.2035555555555564,2.2035555555555564,74.89,0.9849999999999994,1.218555555555557
2025,Hungarian Grand Prix,GAS,75.966,GAS,Hungarian Grand Prix,1.7685000000000006,GAS,1.7837499999999997,1.7685000000000006,74.89,1.0759999999999934,0.6925000000000072
2025,Hungarian Grand Prix,HAD,75.469,,,,,,,74.89,0.5789999999999935,
2025,Hungarian Grand Prix,HAM,75.702,HAM,Hungarian Grand Prix,0.2469999999999999,HAM,0.6594803149606296,0.2469999999999999,74.89,0.8119999999999976,0.5649999999999977
2025,Hungarian Grand Prix,HUL,76.081,HUL,Hungarian Grand Prix,1.2199999999999989,HUL,1.9244583333333343,1.2199999999999989,74.89,1.1910000000000025,0.028999999999996362
2025,Hungarian Grand Prix,LAW,75.63,,,,LAW,2.5228181818181836,2.5228181818181836,74.89,0.7399999999999949,1.7828181818181887
2025,Hungarian Grand Prix,LEC,75.372,LEC,Hungarian Grand Prix,0.6925000000000002,LEC,0.7576015625000003,0.6925000000000002,74.89,0.4819999999999993,0.2105000000000009
2025,Hungarian Grand Prix,NOR,74.89,NOR,Hungarian Grand Prix,0.6983333333333354,NOR,1.0998046875000003,0.6983333333333354,74.89,0.0,0.6983333333333354
2025,Hungarian Grand Prix,OCO,76.023,OCO,Hungarian Grand Prix,1.6402000000000014,OCO,1.7903238095238099,1.6402000000000014,74.89,1.1329999999999956,0.5072000000000059
2025,Hungarian Grand Prix,PIA,74.941,PIA,Hungarian Grand Prix,0.15899999999999892,PIA,0.7748913043478266,0.15899999999999892,74.89,0.05100000000000193,0.10799999999999699
2025,Hungarian Grand Prix,RUS,75.201,RUS,Hungarian Grand Prix,2.046833333333334,RUS,1.7283437499999998,2.046833333333334,74.89,0.31099999999999284,1.7358333333333413
2025,Hungarian Grand Prix,SAI,75.652,SAI,Hungarian Grand Prix,0.9495000000000028,SAI,0.9011746031746035,0.9495000000000028,74.89,0.7620000000000005,0.18750000000000233
2025,Hungarian Grand Prix,STR,75.129,STR,Hungarian Grand Prix,1.5861666666666683,STR,2.286904,1.5861666666666683,74.89,0.23900000000000432,1.347166666666664
2025,Hungarian Grand Prix,TSU,75.899,TSU,Hungarian Grand Prix,1.8917499999999983,TSU,1.9705172413793104,1.8917499999999983,74.89,1.0090000000000003,0.8827499999999979
2025,Hungarian Grand Prix,VER,75.547,VER,Hungarian Grand Prix,0.3346666666666683,VER,0.3226587301587303,0.3346666666666683,74.89,0.6569999999999965,0.3223333333333282
2025,Dutch Grand Prix,ALB,69.652,ALB,Dutch Grand Prix,1.0616666666666674,ALB,1.749718446601942,1.0616666666666674,68.662,0.9899999999999949,0.07166666666667254
2025,Dutch Grand Prix,ALO,69.366,ALO,Dutch Grand Prix,1.06025,ALO,1.1108,1.06025,68.662,0.7039999999999935,0.3562500000000064
2025,Dutch Grand Prix,ANT,69.493,,,,,,,68.662,0.8309999999999889,
2025,Dutch Grand Prix,BEA,70.262,,,,BEA,3.532333333333336,3.532333333333336,68.662,1.5999999999999943,1.9323333333333417
2025,Dutch Grand Prix,BOR,69.622,,,,,,,68.662,0.9599999999999937,
2025,Dutch Grand Prix,COL,70.104,,,,COL,2.2035555555555564,2.2035555555555564,68.662,1.441999999999993,0.7615555555555633
2025,Dutch Grand Prix,GAS,69.637,GAS,Dutch Grand Prix,3.1164999999999985,GAS,1.7837499999999997,3.1164999999999985,68.662,0.9749999999999943,2.141500000000004
2025,Dutch Grand Prix,HAD,69.208,,,,,,,68.662,0.5459999999999923,
2025,Dutch Grand Prix,HAM,69.261,HAM,Dutch Grand Prix,2.800749999999997,HAM,0.6594803149606296,2.800749999999997,68.662,0.5989999999999895,2.2017500000000076
2025,Dutch Grand Prix,HUL,70.195,HUL,Dutch Grand Prix,5.612500000000004,HUL,1.9244583333333343,5.612500000000004,68.662,1.532999999999987,4.079500000000017
2025,Dutch Grand Prix,LAW,69.383,LAW,Dutch Grand Prix,12.853000000000009,LAW,2.5228181818181836,12.853000000000009,68.662,0.7209999999999894,12.13200000000002
2025,Dutch Grand Prix,LEC,69.304,LEC,Dutch Grand Prix,0.8949999999999996,LEC,0.7576015625000003,0.8949999999999996,68.662,0.6419999999999959,0.25300000000000367
2025,Dutch Grand Prix,NOR,68.674,NOR,Dutch Grand Prix,0.708000000000002,NOR,1.0998046875000003,0.708000000000002,68.662,0.012000000000000455,0.6960000000000015
2025,Dutch Grand Prix,OCO,70.197,OCO,Dutch Grand Prix,4.0405000000000015,OCO,1.7903238095238099,4.0405000000000015,68.662,1.5349999999999966,2.505500000000005
2025,Dutch Grand Prix,PIA,68.662,PIA,Dutch Grand Prix,0.9350000000000023,PIA,0.7748913043478266,0.9350000000000023,68.662,0.0,0.9350000000000023
2025,Dutch Grand Prix,RUS,69.255,RUS,Dutch Grand Prix,0.8067499999999974,RUS,1.7283437499999998,0.8067499999999974,68.662,0.5929999999999893,0.2137500000000081
2025,Dutch Grand Prix,SAI,69.472,SAI,Dutch Grand Prix,0.7930000000000028,SAI,0.9011746031746035,0.7930000000000028,68.662,0.8099999999999881,0.01699999999998525
2025,Dutch Grand Prix,STR,92.046,STR,Dutch Grand Prix,3.2744999999999997,STR,2.286904,3.2744999999999997,68.662,23.384,20.1095
2025,Dutch Grand Prix,TSU,69.622,TSU,Dutch Grand Prix,3.4017500000000034,TSU,1.9705172413793104,3.4017500000000034,68.662,0.9599999999999937,2.4417500000000096
2025,Dutch Grand Prix,VER,68.925,VER,Dutch Grand Prix,0.08899999999999864,VER,0.3226587301587303,0.08899999999999864,68.662,0.262999999999991,0.17399999999999238
2025,Italian Grand Prix,ALB,79.583,ALB,Italian Grand Prix,0.8322500000000019,ALB,1.749718446601942,0.8322500000000019,78.792,0.7909999999999968,0.041250000000005116
2025,Italian Grand Prix,ALO,79.362,ALO,Italian Grand Prix,1.357750000000003,ALO,1.1108,1.357750000000003,78.792,0.5699999999999932,0.7877500000000097
2025,Italian Grand Prix,ANT,79.2,,,,,,,78.792,0.40800000000000125,
2025,Italian Grand Prix,BEA,79.446,,,,BEA,3.532333333333336,3.532333333333336,78.792,0.6539999999999964,2.8783333333333396
2025,Italian Grand Prix,BOR,79.323,,,,,,,78.792,0.5309999999999917,
2025,Italian Grand Prix,COL,79.992,COL,Italian Grand Prix,1.7340000000000089,COL,2.2035555555555564,1.7340000000000089,78.792,1.2000000000000028,0.534000000000006
2025,Italian Grand Prix,GAS,80.103,GAS,Italian Grand Prix,1.4065000000000012,GAS,1.7837499999999997,1.4065000000000012,78.792,1.3109999999999928,0.09550000000000836
2025,Italian Grand Prix,HAD,79.917,,,,,,,78.792,1.125,
2025,Italian Grand Prix,HAM,79.124,HAM,Italian Grand Prix,0.3683333333333323,HAM,0.6594803149606296,0.3683333333333323,78.792,0.33199999999999363,0.03633333333333866
2025,Italian Grand Prix,HUL,79.498,HUL,Italian Grand Prix,1.078666666666668,HUL,1.9244583333333343,1.078666666666668,78.792,0.7060000000000031,0.3726666666666649
2025,Italian Grand Prix,LAW,80.279,LAW,Italian Grand Prix,1.4639999999999986,LAW,2.5228181818181836,1.4639999999999986,78.792,1.4869999999999948,0.022999999999996135
2025,Italian Grand Prix,LEC,79.007,LEC,Italian Grand Prix,0.4236666666666669,LEC,0.7576015625000003,0.4236666666666669,78.792,0.2150000000000034,0.2086666666666635
2025,Italian Grand Prix,NOR,78.869,NOR,Italian Grand Prix,0.8023333333333321,NOR,1.0998046875000003,0.8023333333333321,78.792,0.07699999999999818,0.7253333333333339
2025,Italian Grand Prix,OCO,79.707,OCO,Italian Grand Prix,1.7109999999999956,OCO,1.7903238095238099,1.7109999999999956,78.792,0.914999999999992,0.7960000000000036
2025,Italian Grand Prix,PIA,78.982,PIA,Italian Grand Prix,0.30000000000000426,PIA,0.7748913043478266,0.30000000000000426,78.792,0.18999999999999773,0.11000000000000654
2025,Italian Grand Prix,RUS,79.157,RUS,Italian Grand Prix,1.4834999999999994,RUS,1.7283437499999998,1.4834999999999994,78.792,0.3649999999999949,1.1185000000000045
2025,Italian Grand Prix,SAI,79.528,SAI,Italian Grand Prix,0.5029999999999978,SAI,0.9011746031746035,0.5029999999999978,78.792,0.7360000000000042,0.23300000000000642
2025,Italian Grand Prix,STR,79.948,STR,Italian Grand Prix,1.7553333333333352,STR,2.286904,1.7553333333333352,78.792,1.1559999999999917,0.5993333333333435
2025,Italian Grand Prix,TSU,79.433,TSU,Italian Grand Prix,1.7987499999999947,TSU,1.9705172413793104,1.7987499999999947,78.792,0.6410000000000053,1.1577499999999894
2025,Italian Grand Prix,VER,78.792,VER,Italian Grand Prix,0.3593999999999994,VER,0.3226587301587303,0.3593999999999994,78.792,0.0,0.3593999999999994
2025,Azerbaijan Grand Prix,ALB,103.778,ALB,Azerbaijan Grand Prix,2.0272499999999987,ALB,1.749718446601942,2.0272499999999987,101.117,2.6610000000000014,0.6337500000000027
2025,Azerbaijan Grand Prix,ALO,101.857,ALO,Azerbaijan Grand Prix,1.2112499999999997,ALO,1.1108,1.2112499999999997,101.117,0.7399999999999949,0.47125000000000483
2025,Azerbaijan Grand Prix,ANT,101.464,,,,,,,101.117,0.3469999999999942,
2025,Azerbaijan Grand Prix,BEA,102.666,BEA,Azerbaijan Grand Prix,1.6030000000000086,BEA,3.532333333333336,1.6030000000000086,101.117,1.5489999999999924,0.05400000000001626
2025,Azerbaijan Grand Prix,BOR,102.277,,,,,,,101.117,1.1599999999999966,
2025,Azerbaijan Grand Prix,COL,102.779,COL,Azerbaijan Grand Prix,1.108000000000004,COL,2.2035555555555564,1.108000000000004,101.117,1.661999999999992,0.5539999999999878
2025,Azerbaijan Grand Prix,GAS,103.139,GAS,Azerbaijan Grand Prix,1.8091999999999957,GAS,1.7837499999999997,1.8091999999999957,101.117,2.0219999999999914,0.21279999999999566
2025,Azerbaijan Grand Prix,HAD,101.647,,,,,,,101.117,0.5300000000000011,
2025,Azerbaijan Grand Prix,HAM,101.821,HAM,Azerbaijan Grand Prix,0.7508000000000038,HAM,0.6594803149606296,0.7508000000000038,101.117,0.7039999999999935,0.04680000000001028
2025,Azerbaijan Grand Prix,HUL,102.916,HUL,Azerbaijan Grand Prix,2.4066666666666663,HUL,1.9244583333333343,2.4066666666666663,101.117,1.7989999999999924,0.6076666666666739
2025,Azerbaijan Grand Prix,LAW,101.537,,,,LAW,2.5228181818181836,2.5228181818181836,101.117,0.4200000000000017,2.102818181818182
2025,Azerbaijan Grand Prix,LEC,101.458,LEC,Azerbaijan Grand Prix,0.18619999999999948,LEC,0.7576015625000003,0.18619999999999948,101.117,0.340999999999994,0.1547999999999945
2025,Azerbaijan Grand Prix,NOR,101.322,NOR,Azerbaijan Grand Prix,1.4561999999999984,NOR,1.0998046875000003,1.4561999999999984,101.117,0.2049999999999983,1.2512
2025,Azerbaijan Grand Prix,OCO,103.004,OCO,Azerbaijan Grand Prix,2.00375,OCO,1.7903238095238099,2.00375,101.117,1.8870000000000005,0.11674999999999969
2025,Azerbaijan Grand Prix,PIA,101.414,PIA,Azerbaijan Grand Prix,0.8645000000000067,PIA,0.7748913043478266,0.8645000000000067,101.117,0.29699999999999704,0.5675000000000097
2025,Azerbaijan Grand Prix,RUS,101.455,RUS,Azerbaijan Grand Prix,1.8779999999999972,RUS,1.7283437499999998,1.8779999999999972,101.117,0.33799999999999386,1.5400000000000034
2025,Azerbaijan Grand Prix,SAI,101.595,SAI,Azerbaijan Grand Prix,0.701400000000001,SAI,0.9011746031746035,0.701400000000001,101.117,0.47799999999999443,0.2234000000000066
2025,Azerbaijan Grand Prix,STR,102.101,STR,Azerbaijan Grand Prix,2.381249999999998,STR,2.286904,2.381249999999998,101.117,0.9839999999999947,1.3972500000000032
2025,Azerbaijan Grand Prix,TSU,101.788,TSU,Azerbaijan Grand Prix,1.2922499999999992,TSU,1.9705172413793104,1.2922499999999992,101.117,0.6709999999999923,0.621250000000007
2025,Azerbaijan Grand Prix,VER,101.117,VER,Azerbaijan Grand Prix,0.4224000000000018,VER,0.3226587301587303,0.4224000000000018,101.117,0.0,0.4224000000000018
2025,Singapore Grand Prix,ALB,90.202,ALB,Singapore Grand Prix,2.8500000000000014,ALB,1.749718446601942,2.8500000000000014,89.158,1.043999999999997,1.8060000000000045
2025,Singapore Grand Prix,ALO,89.955,ALO,Singapore Grand Prix,0.6246666666666604,ALO,1.1108,0.6246666666666604,89.158,0.796999999999997,0.17233333333333667
2025,Singapore Grand Prix,ANT,89.537,,,,,,,89.158,0.3790000000000049,
2025,Singapore Grand Prix,BEA,89.868,,,,BEA,3.532333333333336,3.532333333333336,89.158,0.7099999999999937,2.8223333333333422
2025,Singapore Grand Prix,BOR,90.82,,,,,,,89.158,1.661999999999992,
2025,Singapore Grand Prix,COL,90.982,COL,Singapore Grand Prix,0.9559999999999889,COL,2.2035555555555564,0.9559999999999889,89.158,1.823999999999998,0.8680000000000092
2025,Singapore Grand Prix,GAS,91.261,GAS,Singapore Grand Prix,1.8394999999999975,GAS,1.7837499999999997,1.8394999999999975,89.158,2.1029999999999944,0.26349999999999696
2025,Singapore Grand Prix,HAD,89.846,,,,,,,89.158,0.6880000000000024,
2025,Singapore Grand Prix,HAM,89.688,HAM,Singapore Grand Prix,0.26549999999999585,HAM,0.6594803149606296,0.26549999999999585,89.158,0.5300000000000011,0.2645000000000053
2025,Singapore Grand Prix,HUL,90.141,HUL,Singapore Grand Prix,1.1536666666666662,HUL,1.9244583333333343,1.1536666666666662,89.158,0.9830000000000041,0.17066666666666208
2025,Singapore Grand Prix,LAW,90.32,LAW,Singapore Grand Prix,1.1820000000000022,LAW,2.5228181818181836,1.1820000000000022,89.158,1.161999999999992,0.020000000000010232
2025,Singapore Grand Prix,LEC,89.784,LEC,Singapore Grand Prix,0.07525000000000048,LEC,0.7576015625000003,0.07525000000000048,89.158,0.6260000000000048,0.5507500000000043
2025,Singapore Grand Prix,NOR,89.586,NOR,Singapore Grand Prix,0.7032500000000006,NOR,1.0998046875000003,0.7032500000000006,89.158,0.42799999999999727,0.2752500000000033
2025,Singapore Grand Prix,OCO,90.989,OCO,Singapore Grand Prix,2.952666666666668,OCO,1.7903238095238099,2.952666666666668,89.158,1.831000000000003,1.1216666666666648
2025,Singapore Grand Prix,PIA,89.524,PIA,Singapore Grand Prix,1.0165000000000006,PIA,0.7748913043478266,1.0165000000000006,89.158,0.36599999999999966,0.650500000000001
2025,Singapore Grand Prix,RUS,89.158,RUS,Singapore Grand Prix,2.4160000000000004,RUS,1.7283437499999998,2.4160000000000004,89.158,0.0,2.4160000000000004
2025,Singapore Grand Prix,SAI,90.235,SAI,Singapore Grand Prix,0.5887499999999974,SAI,0.9011746031746035,0.5887499999999974,89.158,1.0769999999999982,0.48825000000000074
2025,Singapore Grand Prix,STR,90.949,STR,Singapore Grand Prix,3.135749999999998,STR,2.286904,3.135749999999998,89.158,1.7909999999999968,1.3447500000000012
2025,Singapore Grand Prix,TSU,90.353,TSU,Singapore Grand Prix,1.447333333333333,TSU,1.9705172413793104,1.447333333333333,89.158,1.1949999999999932,0.25233333333333974
2025,Singapore Grand Prix,VER,89.34,VER,Singapore Grand Prix,0.9807500000000005,VER,0.3226587301587303,0.9807500000000005,89.158,0.18200000000000216,0.7987499999999983
2025,United States Grand Prix,ALB,93.67,ALB,United States Grand Prix,1.461000000000002,ALB,1.749718446601942,1.461000000000002,92.51,1.1599999999999966,0.3010000000000055
2025,United States Grand Prix,ALO,93.16,ALO,United States Grand Prix,1.7225000000000037,ALO,1.1108,1.7225000000000037,92.51,0.6499999999999915,1.0725000000000122
2025,United States Grand Prix,ANT,93.044,,,,,,,92.51,0.5339999999999918,
2025,United States Grand Prix,BEA,93.139,,,,BEA,3.532333333333336,3.532333333333336,92.51,0.6289999999999907,2.9033333333333453
2025,United States Grand Prix,BOR,94.125,,,,,,,92.51,1.6149999999999949,
2025,United States Grand Prix,COL,94.039,COL,United States Grand Prix,1.7319999999999993,COL,2.2035555555555564,1.7319999999999993,92.51,1.5289999999999964,0.20300000000000296
2025,United States Grand Prix,GAS,93.599,GAS,United States Grand Prix,1.202000000000001,GAS,1.7837499999999997,1.202000000000001,92.51,1.0889999999999986,0.11300000000000243
2025,United States Grand Prix,HAM,92.912,HAM,United States Grand Prix,0.6110000000000013,HAM,0.6594803149606296,0.6110000000000013,92.51,0.402000000000001,0.2090000000000003
2025,United States Grand Prix,HUL,93.334,HUL,United States Grand Prix,1.5040000000000002,HUL,1.9244583333333343,1.5040000000000002,92.51,0.8239999999999981,0.6800000000000022
2025,United States Grand Prix,LAW,93.36,LAW,United States Grand Prix,1.0090000000000003,LAW,2.5228181818181836,1.0090000000000003,92.51,0.8499999999999943,0.15900000000000603
2025,United States Grand Prix,LEC,92.807,LEC,United States Grand Prix,0.25580000000000214,LEC,0.7576015625000003,0.25580000000000214,92.51,0.29699999999999704,0.04119999999999491
2025,United States Grand Prix,NOR,92.801,NOR,United States Grand Prix,0.7159999999999996,NOR,1.0998046875000003,0.7159999999999996,92.51,0.2909999999999968,0.4250000000000028
2025,United States Grand Prix,OCO,94.136,OCO,United States Grand Prix,1.7192499999999988,OCO,1.7903238095238099,1.7192499999999988,92.51,1.6259999999999906,0.09325000000000827
2025,United States Grand Prix,PIA,93.084,PIA,United States Grand Prix,0.6820000000000022,PIA,0.7748913043478266,0.6820000000000022,92.51,0.5739999999999981,0.10800000000000409
2025,United States Grand Prix,RUS,92.826,RUS,United States Grand Prix,1.5622000000000014,RUS,1.7283437499999998,1.5622000000000014,92.51,0.3159999999999883,1.246200000000013
2025,United States Grand Prix,SAI,93.124,SAI,United States Grand Prix,0.4488,SAI,0.9011746031746035,0.4488,92.51,0.6139999999999901,0.16519999999999013
2025,United States Grand Prix,STR,93.878,STR,United States Grand Prix,1.9004000000000048,STR,2.286904,1.9004000000000048,92.51,1.367999999999995,0.5324000000000098
2025,United States Grand Prix,TSU,93.466,TSU,United States Grand Prix,1.652500000000007,TSU,1.9705172413793104,1.652500000000007,92.51,0.9559999999999889,0.6965000000000181
2025,United States Grand Prix,VER,92.51,VER,United States Grand Prix,0.09500000000000171,VER,0.3226587301587303,0.09500000000000171,92.51,0.0,0.09500000000000171
2025,Mexico City Grand Prix,ALB,77.49,ALB,Mexico City Grand Prix,1.9293333333333322,ALB,1.749718446601942,1.9293333333333322,75.586,1.9039999999999964,0.025333333333335872
2025,Mexico City Grand Prix,ALO,77.103,ALO,Mexico City Grand Prix,1.6337499999999991,ALO,1.1108,1.6337499999999991,75.586,1.516999999999996,0.11675000000000324
2025,Mexico City Grand Prix,ANT,76.118,,,,,,,75.586,0.5319999999999965,
2025,Mexico City Grand Prix,BEA,76.46,,,,BEA,3.532333333333336,3.532333333333336,75.586,0.8739999999999952,2.6583333333333408
2025,Mexico City Grand Prix,BOR,77.412,,,,,,,75.586,1.8260000000000076,
2025,Mexico City Grand Prix,COL,77.67,COL,Mexico City Grand Prix,1.612000000000009,COL,2.2035555555555564,1.612000000000009,75.586,2.084000000000003,0.4719999999999942
2025,Mexico City Grand Prix,GAS,77.546,GAS,Mexico City Grand Prix,1.194749999999999,GAS,1.7837499999999997,1.194749999999999,75.586,1.960000000000008,0.7652500000000089
2025,Mexico City Grand Prix,HAD,76.252,,,,,,,75.586,0.6659999999999968,
2025,Mexico City Grand Prix,HAM,75.938,HAM,Mexico City Grand Prix,0.36174999999999713,HAM,0.6594803149606296,0.36174999999999713,75.586,0.35200000000000387,0.009749999999993264
2025,Mexico City Grand Prix,HUL,77.016,HUL,Mexico City Grand Prix,1.2035000000000053,HUL,1.9244583333333343,1.2035000000000053,75.586,1.4300000000000068,0.22650000000000148
2025,Mexico City Grand Prix,LAW,76.961,LAW,Mexico City Grand Prix,1.2160000000000082,LAW,2.5228181818181836,1.2160000000000082,75.586,1.375,0.15899999999999181
2025,Mexico City Grand Prix,LEC,75.848,LEC,Mexico City Grand Prix,0.4930000000000021,LEC,0.7576015625000003,0.4930000000000021,75.586,0.26200000000000045,0.23100000000000165
2025,Mexico City Grand Prix,NOR,75.586,NOR,Mexico City Grand Prix,1.8115000000000023,NOR,1.0998046875000003,1.8115000000000023,75.586,0.0,1.8115000000000023
2025,Mexico City Grand Prix,OCO,76.837,OCO,Mexico City Grand Prix,1.767750000000003,OCO,1.7903238095238099,1.767750000000003,75.586,1.2510000000000048,0.5167499999999983
2025,Mexico City Grand Prix,PIA,76.174,PIA,Mexico City Grand Prix,1.054000000000002,PIA,0.7748913043478266,1.054000000000002,75.586,0.5880000000000081,0.465999999999994
2025,Mexico City Grand Prix,RUS,76.034,RUS,Mexico City Grand Prix,0.825999999999997,RUS,1.7283437499999998,0.825999999999997,75.586,0.4480000000000075,0.37799999999998946
2025,Mexico City Grand Prix,SAI,76.172,SAI,Mexico City Grand Prix,0.3822499999999991,SAI,0.9011746031746035,0.3822499999999991,75.586,0.5859999999999985,0.20374999999999943
2025,Mexico City Grand Prix,STR,77.606,STR,Mexico City Grand Prix,2.7880000000000003,STR,2.286904,2.7880000000000003,75.586,2.019999999999996,0.7680000000000042
2025,Mexico City Grand Prix,TSU,76.816,TSU,Mexico City Grand Prix,1.3867499999999993,TSU,1.9705172413793104,1.3867499999999993,75.586,1.230000000000004,0.15674999999999528
2025,Mexico City Grand Prix,VER,76.07,VER,Mexico City Grand Prix,0.1680000000000028,VER,0.3226587301587303,0.1680000000000028,75.586,0.48399999999999466,0.31599999999999184
2025,São Paulo Grand Prix,ALB,70.053,ALB,São Paulo Grand Prix,0.8673333333333298,ALB,1.749718446601942,0.8673333333333298,69.511,0.5420000000000016,0.32533333333332826
2025,São Paulo Grand Prix,ALO,70.001,ALO,São Paulo Grand Prix,0.8844999999999992,ALO,1.1108,0.8844999999999992,69.511,0.4900000000000091,0.3944999999999901
2025,São Paulo Grand Prix,ANT,69.685,,,,,,,69.511,0.1740000000000066,
2025,São Paulo Grand Prix,BEA,69.755,BEA,São Paulo Grand Prix,7.823999999999998,BEA,3.532333333333336,7.823999999999998,69.511,0.24399999999999977,7.579999999999998
2025,São Paulo Grand Prix,COL,70.632,COL,São Paulo Grand Prix,7.864999999999995,COL,2.2035555555555564,7.864999999999995,69.511,1.1210000000000093,6.743999999999986
2025,São Paulo Grand Prix,GAS,69.857,GAS,São Paulo Grand Prix,2.0494999999999983,GAS,1.7837499999999997,2.0494999999999983,69.511,0.34600000000000364,1.7034999999999947
2025,São Paulo Grand Prix,HAD,69.931,,,,,,,69.511,0.4200000000000017,
2025,São Paulo Grand Prix,HAM,70.016,HAM,São Paulo Grand Prix,2.1620000000000026,HAM,0.6594803149606296,2.1620000000000026,69.511,0.5050000000000097,1.656999999999993
2025,São Paulo Grand Prix,HUL,69.985,HUL,São Paulo Grand Prix,4.3359999999999985,HUL,1.9244583333333343,4.3359999999999985,69.511,0.47400000000000375,3.8619999999999948
2025,São Paulo Grand Prix,LAW,69.95,LAW,São Paulo Grand Prix,1.0789999999999935,LAW,2.5228181818181836,1.0789999999999935,69.511,0.43900000000000716,0.6399999999999864
2025,São Paulo Grand Prix,LEC,69.801,LEC,São Paulo Grand Prix,0.5990000000000002,LEC,0.7576015625000003,0.5990000000000002,69.511,0.29000000000000625,0.30899999999999395
2025,São Paulo Grand Prix,NOR,69.511,NOR,São Paulo Grand Prix,0.3855000000000004,NOR,1.0998046875000003,0.3855000000000004,69.511,0.0,0.3855000000000004
2025,São Paulo Grand Prix,OCO,70.438,OCO,São Paulo Grand Prix,0.8929999999999971,OCO,1.7903238095238099,0.8929999999999971,69.511,0.9270000000000067,0.03400000000000958
2025,São Paulo Grand Prix,PIA,69.835,PIA,São Paulo Grand Prix,0.7950000000000017,PIA,0.7748913043478266,0.7950000000000017,69.511,0.32399999999999807,0.47100000000000364
2025,São Paulo Grand Prix,RUS,69.88,RUS,São Paulo Grand Prix,0.7310000000000016,RUS,1.7283437499999998,0.7310000000000016,69.511,0.3689999999999998,0.3620000000000019
2025,São Paulo Grand Prix,SAI,70.184,SAI,São Paulo Grand Prix,1.7837500000000013,SAI,0.9011746031746035,1.7837500000000013,69.511,0.6730000000000018,1.1107499999999995
2025,São Paulo Grand Prix,STR,70.041,STR,São Paulo Grand Prix,1.5852499999999985,STR,2.286904,1.5852499999999985,69.511,0.5300000000000011,1.0552499999999974
2025,São Paulo Grand Prix,TSU,70.711,TSU,São Paulo Grand Prix,2.0802499999999995,TSU,1.9705172413793104,2.0802499999999995,69.511,1.2000000000000028,0.8802499999999966
2025,São Paulo Grand Prix,VER,70.403,VER,São Paulo Grand Prix,1.2362500000000018,VER,0.3226587301587303,1.2362500000000018,69.511,0.8920000000000101,0.34424999999999173
2025,Las Vegas Grand Prix,ALB,116.22,ALB,Las Vegas Grand Prix,1.3549999999999969,ALB,1.749718446601942,1.3549999999999969,107.934,8.286000000000001,6.9310000000000045
2025,Las Vegas Grand Prix,ALO,109.466,ALO,Las Vegas Grand Prix,1.3875000000000028,ALO,1.1108,1.3875000000000028,107.934,1.5319999999999965,0.14449999999999363
2025,Las Vegas Grand Prix,ANT,116.314,,,,,,,107.934,8.379999999999995,
2025,Las Vegas Grand Prix,BEA,113.094,,,,BEA,3.532333333333336,3.532333333333336,107.934,5.159999999999997,1.6276666666666606
2025,Las Vegas Grand Prix,BOR,116.674,,,,,,,107.934,8.740000000000009,
2025,Las Vegas Grand Prix,COL,113.683,COL,Las Vegas Grand Prix,1.4339999999999975,COL,2.2035555555555564,1.4339999999999975,107.934,5.749000000000009,4.315000000000012
2025,Las Vegas Grand Prix,GAS,111.54,GAS,Las Vegas Grand Prix,0.43250000000000455,GAS,1.7837499999999997,0.43250000000000455,107.934,3.6060000000000088,3.173500000000004
2025,Las Vegas Grand Prix,HAD,109.554,,,,,,,107.934,1.6200000000000045,
2025,Las Vegas Grand Prix,HAM,117.115,HAM,Las Vegas Grand Prix,0.6829999999999998,HAM,0.6594803149606296,0.6829999999999998,107.934,9.180999999999997,8.497999999999998
2025,Las Vegas Grand Prix,HUL,112.781,HUL,Las Vegas Grand Prix,1.0015,HUL,1.9244583333333343,1.0015,107.934,4.847000000000008,3.8455000000000084
2025,Las Vegas Grand Prix,LAW,109.062,LAW,Las Vegas Grand Prix,1.7750000000000057,LAW,2.5228181818181836,1.7750000000000057,107.934,1.1280000000000001,0.6470000000000056
2025,Las Vegas Grand Prix,LEC,109.872,LEC,Las Vegas Grand Prix,0.23550000000000182,LEC,0.7576015625000003,0.23550000000000182,107.934,1.9380000000000024,1.7025000000000006
2025,Las Vegas Grand Prix,NOR,107.934,NOR,Las Vegas Grand Prix,1.336500000000001,NOR,1.0998046875000003,1.336500000000001,107.934,0.0,1.336500000000001
2025,Las Vegas Grand Prix,OCO,112.987,OCO,Las Vegas Grand Prix,1.508500000000005,OCO,1.7903238095238099,1.508500000000005,107.934,5.052999999999997,3.544499999999992
2025,Las Vegas Grand Prix,PIA,108.961,PIA,Las Vegas Grand Prix,1.4179999999999993,PIA,0.7748913043478266,1.4179999999999993,107.934,1.027000000000001,0.39099999999999824
2025,Las Vegas Grand Prix,RUS,108.803,RUS,Las Vegas Grand Prix,0.19299999999999784,RUS,1.7283437499999998,0.19299999999999784,107.934,0.8689999999999998,0.6760000000000019
2025,Las Vegas Grand Prix,SAI,108.296,SAI,Las Vegas Grand Prix,0.07099999999999795,SAI,0.9011746031746035,0.07099999999999795,107.934,0.362000000000009,0.291000000000011
2025,Las Vegas Grand Prix,STR,112.85,STR,Las Vegas Grand Prix,1.822499999999998,STR,2.286904,1.822499999999998,107.934,4.915999999999997,3.093499999999999
2025,Las Vegas Grand Prix,TSU,116.798,TSU,Las Vegas Grand Prix,2.219000000000001,TSU,1.9705172413793104,2.219000000000001,107.934,8.864000000000004,6.645000000000003
2025,Las Vegas Grand Prix,VER,108.257,VER,Las Vegas Grand Prix,0.4314999999999998,VER,0.3226587301587303,0.4314999999999998,107.934,0.3230000000000075,0.10849999999999227
2025,Qatar Grand Prix,ALB,80.629,ALB,Qatar Grand Prix,1.8994999999999962,ALB,1.749718446601942,1.8994999999999962,79.387,1.2420000000000044,0.6574999999999918
2025,Qatar Grand Prix,ALO,80.219,ALO,Qatar Grand Prix,0.7073333333333333,ALO,1.1108,0.7073333333333333,79.387,0.8319999999999936,0.12466666666666038
2025,Qatar Grand Prix,ANT,79.846,,,,,,,79.387,0.4590000000000032,
2025,Qatar Grand Prix,BEA,80.438,,,,BEA,3.532333333333336,3.532333333333336,79.387,1.051000000000002,2.481333333333334
2025,Qatar Grand Prix,BOR,80.534,,,,,,,79.387,1.1470000000000056,
2025,Qatar Grand Prix,COL,81.137,COL,Qatar Grand Prix,2.073999999999998,COL,2.2035555555555564,2.073999999999998,79.387,1.75,0.32399999999999807
2025,Qatar Grand Prix,GAS,80.324,GAS,Qatar Grand Prix,0.8349999999999985,GAS,1.7837499999999997,0.8349999999999985,79.387,0.9369999999999976,0.10199999999999909
2025,Qatar Grand Prix,HAD,80.114,,,,,,,79.387,0.7270000000000039,
2025,Qatar Grand Prix,HAM,80.907,HAM,Qatar Grand Prix,0.33933333333333354,HAM,0.6594803149606296,0.33933333333333354,79.387,1.519999999999996,1.1806666666666625
2025,Qatar Grand Prix,HUL,80.353,HUL,Qatar Grand Prix,1.9634999999999962,HUL,1.9244583333333343,1.9634999999999962,79.387,0.965999999999994,0.9975000000000023
2025,Qatar Grand Prix,LAW,80.433,LAW,Qatar Grand Prix,2.3740000000000023,LAW,2.5228181818181836,2.3740000000000023,79.387,1.0460000000000065,1.3279999999999959
2025,Qatar Grand Prix,LEC,80.343,LEC,Qatar Grand Prix,0.8713333333333347,LEC,0.7576015625000003,0.8713333333333347,79.387,0.9560000000000031,0.08466666666666833
2025,Qatar Grand Prix,NOR,79.495,NOR,Qatar Grand Prix,0.6876666666666674,NOR,1.0998046875000003,0.6876666666666674,79.387,0.10800000000000409,0.5796666666666633
2025,Qatar Grand Prix,OCO,80.864,OCO,Qatar Grand Prix,1.454666666666668,OCO,1.7903238095238099,1.454666666666668,79.387,1.4770000000000039,0.02233333333333576
2025,Qatar Grand Prix,PIA,79.387,PIA,Qatar Grand Prix,0.535499999999999,PIA,0.7748913043478266,0.535499999999999,79.387,0.0,0.535499999999999
2025,Qatar Grand Prix,RUS,79.662,RUS,Qatar Grand Prix,0.8083333333333323,RUS,1.7283437499999998,0.8083333333333323,79.387,0.2750000000000057,0.5333333333333267
2025,Qatar Grand Prix,SAI,80.251,SAI,Qatar Grand Prix,1.0280000000000011,SAI,0.9011746031746035,1.0280000000000011,79.387,0.8640000000000043,0.16399999999999681
2025,Qatar Grand Prix,STR,81.058,STR,Qatar Grand Prix,1.8636666666666646,STR,2.286904,1.8636666666666646,79.387,1.6710000000000065,0.1926666666666581
2025,Qatar Grand Prix,TSU,80.761,TSU,Qatar Grand Prix,1.276000000000001,TSU,1.9705172413793104,1.276000000000001,79.387,1.3739999999999952,0.09799999999999431
2025,Qatar Grand Prix,VER,79.651,VER,Qatar Grand Prix,0.1516666666666661,VER,0.3226587301587303,0.1516666666666661,79.387,0.2639999999999958,0.1123333333333297
2025,Abu Dhabi Grand Prix,ALB,83.416,ALB,Abu Dhabi Grand Prix,1.1022000000000047,ALB,1.749718446601942,1.1022000000000047,82.207,1.2090000000000032,0.10679999999999845
2025,Abu Dhabi Grand Prix,ALO,82.861,ALO,Abu Dhabi Grand Prix,0.9657500000000034,ALO,1.1108,0.9657500000000034,82.207,0.6540000000000106,0.31174999999999287
2025,Abu Dhabi Grand Prix,ANT,82.894,,,,,,,82.207,0.6870000000000118,
2025,Abu Dhabi Grand Prix,BEA,83.041,,,,BEA,3.532333333333336,3.532333333333336,82.207,0.8340000000000032,2.698333333333333
2025,Abu Dhabi Grand Prix,BOR,82.874,,,,,,,82.207,0.6670000000000016,
2025,Abu Dhabi Grand Prix,COL,83.89,COL,Abu Dhabi Grand Prix,1.3170000000000073,COL,2.2035555555555564,1.3170000000000073,82.207,1.683000000000007,0.36599999999999966
2025,Abu Dhabi Grand Prix,GAS,83.468,GAS,Abu Dhabi Grand Prix,1.290500000000004,GAS,1.7837499999999997,1.290500000000004,82.207,1.26100000000001,0.029499999999994087
2025,Abu Dhabi Grand Prix,HAD,82.997,,,,,,,82.207,0.7900000000000063,
2025,Abu Dhabi Grand Prix,HAM,83.394,HAM,Abu Dhabi Grand Prix,0.5578333333333347,HAM,0.6594803149606296,0.5578333333333347,82.207,1.1870000000000118,0.6291666666666771
2025,Abu Dhabi Grand Prix,HUL,83.45,HUL,Abu Dhabi Grand Prix,0.9616666666666683,HUL,1.9244583333333343,0.9616666666666683,82.207,1.2430000000000092,0.2813333333333409
2025,Abu Dhabi Grand Prix,LAW,83.077,LAW,Abu Dhabi Grand Prix,0.8769999999999953,LAW,2.5228181818181836,0.8769999999999953,82.207,0.8700000000000045,0.006999999999990791
2025,Abu Dhabi Grand Prix,LEC,82.73,LEC,Abu Dhabi Grand Prix,0.5336666666666711,LEC,0.7576015625000003,0.5336666666666711,82.207,0.5230000000000103,0.010666666666660718
2025,Abu Dhabi Grand Prix,NOR,82.408,NOR,Abu Dhabi Grand Prix,0.6743333333333391,NOR,1.0998046875000003,0.6743333333333391,82.207,0.20100000000000762,0.4733333333333315
2025,Abu Dhabi Grand Prix,OCO,82.913,OCO,Abu Dhabi Grand Prix,1.0862500000000033,OCO,1.7903238095238099,1.0862500000000033,82.207,0.7060000000000031,0.3802500000000002
2025,Abu Dhabi Grand Prix,PIA,82.437,PIA,Abu Dhabi Grand Prix,0.27300000000000324,PIA,0.7748913043478266,0.27300000000000324,82.207,0.23000000000000398,0.04299999999999926
2025,Abu Dhabi Grand Prix,RUS,82.645,RUS,Abu Dhabi Grand Prix,1.7696666666666705,RUS,1.7283437499999998,1.7696666666666705,82.207,0.4380000000000024,1.331666666666668
2025,Abu Dhabi Grand Prix,SAI,83.042,SAI,Abu Dhabi Grand Prix,0.8201666666666725,SAI,0.9011746031746035,0.8201666666666725,82.207,0.835000000000008,0.014833333333335474
2025,Abu Dhabi Grand Prix,STR,83.097,STR,Abu Dhabi Grand Prix,1.4508333333333379,STR,2.286904,1.4508333333333379,82.207,0.8900000000000006,0.5608333333333373
2025,Abu Dhabi Grand Prix,TSU,83.034,TSU,Abu Dhabi Grand Prix,0.9632500000000022,TSU,1.9705172413793104,0.9632500000000022,82.207,0.8270000000000124,0.13624999999998977
2025,Abu Dhabi Grand Prix,VER,82.207,VER,Abu Dhabi Grand Prix,0.11833333333333229,VER,0.3226587301587303,0.11833333333333229,82.207,0.0,0.11833333333333229
